orderId,date,status
249506821,"2023-07-04 00:00:13","cancelled"
249506701,"2023-07-04 00:01:14","cancelled"
248602361,"2023-07-04 00:02:04","cancelled"
249507891,"2023-07-04 00:02:28","cancelled"
248804781,"2023-07-04 00:03:14","cancelled"
249507401,"2023-07-04 00:04:46","cancelled"
249507581,"2023-07-04 00:07:18","cancelled"
249475851,"2023-07-04 00:07:36","cancelled"
249501001,"2023-07-04 00:10:16","cancelled"
249500571,"2023-07-04 00:13:00","cancelled"
249481121,"2023-07-04 00:13:14","cancelled"
249509561,"2023-07-04 00:16:18","cancelled"
249505231,"2023-07-04 00:16:33","cancelled"
249508711,"2023-07-04 00:17:57","cancelled"
249510141,"2023-07-04 00:18:19","cancelled"
249510151,"2023-07-04 00:18:24","cancelled"
249377071,"2023-07-04 00:26:20","cancelled"
249360571,"2023-07-04 00:29:17","cancelled"
249491081,"2023-07-04 00:29:21","cancelled"
249510961,"2023-07-04 00:30:46","cancelled"
249510451,"2023-07-04 00:33:38","cancelled"
249498341,"2023-07-04 00:37:42","cancelled"
249503871,"2023-07-04 00:38:29","cancelled"
249445621,"2023-07-04 00:42:36","cancelled"
249508811,"2023-07-04 00:44:58","cancelled"
249513001,"2023-07-04 00:47:41","cancelled"
249514161,"2023-07-04 00:49:00","cancelled"
249513141,"2023-07-04 00:50:49","cancelled"
249406581,"2023-07-04 00:53:09","cancelled"
249360091,"2023-07-04 00:53:23","cancelled"
249514871,"2023-07-04 00:56:42","cancelled"
249506381,"2023-07-04 00:56:55","cancelled"
249198561,"2023-07-04 00:57:41","cancelled"
248414191,"2023-07-04 00:57:50","cancelled"
249513161,"2023-07-04 00:59:27","cancelled"
249447991,"2023-07-04 00:59:31","cancelled"
249515761,"2023-07-04 01:01:48","cancelled"
249515241,"2023-07-04 01:02:49","cancelled"
249513531,"2023-07-04 01:03:13","cancelled"
248565821,"2023-07-04 01:03:50","cancelled"
249486371,"2023-07-04 01:04:12","cancelled"
249505141,"2023-07-04 01:07:03","cancelled"
248354981,"2023-07-04 01:08:37","cancelled"
249516511,"2023-07-04 01:09:43","cancelled"
249409421,"2023-07-04 01:13:40","cancelled"
249515801,"2023-07-04 01:16:15","cancelled"
249516051,"2023-07-04 01:19:16","cancelled"
249499861,"2023-07-04 01:20:57","cancelled"
249454641,"2023-07-04 01:22:09","cancelled"
249516341,"2023-07-04 01:24:49","cancelled"
249517871,"2023-07-04 01:25:36","cancelled"
249037551,"2023-07-04 01:26:56","cancelled"
249518071,"2023-07-04 01:29:00","cancelled"
249519321,"2023-07-04 01:34:46","cancelled"
249519781,"2023-07-04 01:36:39","cancelled"
249514471,"2023-07-04 01:39:41","cancelled"
249520341,"2023-07-04 01:41:59","cancelled"
249520361,"2023-07-04 01:42:15","cancelled"
248655281,"2023-07-04 01:43:26","cancelled"
248592711,"2023-07-04 01:43:31","cancelled"
248964581,"2023-07-04 01:43:35","cancelled"
248722491,"2023-07-04 01:43:40","cancelled"
249138221,"2023-07-04 01:43:45","cancelled"
249037171,"2023-07-04 01:43:49","cancelled"
248666071,"2023-07-04 01:43:54","cancelled"
249031921,"2023-07-04 01:43:58","cancelled"
249094351,"2023-07-04 01:44:03","cancelled"
249083061,"2023-07-04 01:44:07","cancelled"
249098691,"2023-07-04 01:44:13","cancelled"
248637061,"2023-07-04 01:44:17","cancelled"
249000321,"2023-07-04 01:44:21","cancelled"
248732591,"2023-07-04 01:44:25","cancelled"
249137271,"2023-07-04 01:44:31","cancelled"
249037141,"2023-07-04 01:44:34","cancelled"
249037331,"2023-07-04 01:44:38","cancelled"
249138851,"2023-07-04 01:44:42","cancelled"
248608451,"2023-07-04 01:44:51","cancelled"
249005451,"2023-07-04 01:44:55","cancelled"
249520121,"2023-07-04 01:44:59","cancelled"
249078221,"2023-07-04 01:45:01","cancelled"
249137581,"2023-07-04 01:45:06","cancelled"
249058191,"2023-07-04 01:45:10","cancelled"
249520021,"2023-07-04 01:45:15","cancelled"
249087231,"2023-07-04 01:45:17","cancelled"
248856481,"2023-07-04 01:45:25","cancelled"
248872691,"2023-07-04 01:45:30","cancelled"
248657571,"2023-07-04 01:45:35","cancelled"
249059471,"2023-07-04 01:45:42","cancelled"
249147361,"2023-07-04 01:45:46","cancelled"
249147971,"2023-07-04 01:45:51","cancelled"
249519591,"2023-07-04 01:46:54","cancelled"
249521011,"2023-07-04 01:49:09","cancelled"
249520131,"2023-07-04 01:49:35","cancelled"
249518161,"2023-07-04 01:50:15","cancelled"
248249211,"2023-07-04 01:52:32","cancelled"
249513841,"2023-07-04 01:53:57","cancelled"
249516471,"2023-07-04 01:55:20","cancelled"
249521611,"2023-07-04 01:56:58","cancelled"
249518741,"2023-07-04 01:57:49","cancelled"
249517341,"2023-07-04 02:00:21","cancelled"
249521781,"2023-07-04 02:00:40","cancelled"
249522321,"2023-07-04 02:03:13","cancelled"
249004561,"2023-07-04 02:07:24","cancelled"
249521441,"2023-07-04 02:15:34","cancelled"
249513381,"2023-07-04 02:15:39","cancelled"
247840711,"2023-07-04 02:16:17","cancelled"
249523011,"2023-07-04 02:18:26","cancelled"
249522351,"2023-07-04 02:23:20","cancelled"
249296811,"2023-07-04 02:26:34","cancelled"
248830231,"2023-07-04 02:27:05","cancelled"
249523411,"2023-07-04 02:28:57","cancelled"
249518461,"2023-07-04 02:29:14","cancelled"
249196421,"2023-07-04 02:34:13","cancelled"
249374971,"2023-07-04 02:35:04","cancelled"
249359011,"2023-07-04 02:43:11","cancelled"
249023371,"2023-07-04 02:43:22","cancelled"
249526171,"2023-07-04 02:45:51","cancelled"
248215511,"2023-07-04 02:46:35","cancelled"
248335761,"2023-07-04 02:47:36","cancelled"
247943181,"2023-07-04 02:48:15","cancelled"
248401241,"2023-07-04 02:48:53","cancelled"
247008471,"2023-07-04 02:49:25","cancelled"
249391621,"2023-07-04 02:51:53","cancelled"
249524911,"2023-07-04 02:52:18","cancelled"
249527261,"2023-07-04 02:59:44","cancelled"
249513491,"2023-07-04 03:00:23","cancelled"
248928041,"2023-07-04 03:00:43","cancelled"
249527551,"2023-07-04 03:03:02","cancelled"
249527511,"2023-07-04 03:11:26","cancelled"
249525131,"2023-07-04 03:11:36","cancelled"
249528291,"2023-07-04 03:12:03","cancelled"
249527851,"2023-07-04 03:15:31","cancelled"
249528951,"2023-07-04 03:17:46","cancelled"
249528251,"2023-07-04 03:18:09","cancelled"
249404741,"2023-07-04 03:21:21","cancelled"
249492651,"2023-07-04 03:26:17","cancelled"
249527341,"2023-07-04 03:33:15","cancelled"
249530241,"2023-07-04 03:35:22","cancelled"
249530251,"2023-07-04 03:38:49","cancelled"
249527831,"2023-07-04 03:41:06","cancelled"
249530831,"2023-07-04 03:41:36","cancelled"
249530441,"2023-07-04 03:43:01","cancelled"
249516121,"2023-07-04 03:55:47","cancelled"
249530301,"2023-07-04 03:56:40","cancelled"
249531891,"2023-07-04 04:00:17","cancelled"
249435961,"2023-07-04 04:04:37","cancelled"
248305201,"2023-07-04 04:10:11","cancelled"
248350221,"2023-07-04 04:10:50","cancelled"
249532481,"2023-07-04 04:11:31","cancelled"
249532571,"2023-07-04 04:12:31","cancelled"
248318071,"2023-07-04 04:12:43","cancelled"
247490141,"2023-07-04 04:15:31","cancelled"
249532821,"2023-07-04 04:16:39","cancelled"
249421451,"2023-07-04 04:18:43","cancelled"
249532961,"2023-07-04 04:19:11","cancelled"
249531341,"2023-07-04 04:19:38","cancelled"
249532991,"2023-07-04 04:20:30","cancelled"
249377861,"2023-07-04 04:21:13","cancelled"
249533271,"2023-07-04 04:25:47","cancelled"
249533401,"2023-07-04 04:28:01","cancelled"
249381771,"2023-07-04 04:36:29","cancelled"
249533501,"2023-07-04 04:37:37","cancelled"
249532761,"2023-07-04 04:46:38","cancelled"
248889271,"2023-07-04 04:57:11","cancelled"
249390531,"2023-07-04 05:00:08","cancelled"
248345171,"2023-07-04 05:05:53","cancelled"
249533391,"2023-07-04 05:11:06","cancelled"
249525921,"2023-07-04 05:15:35","cancelled"
249535961,"2023-07-04 05:18:25","cancelled"
249535981,"2023-07-04 05:27:11","cancelled"
249532681,"2023-07-04 05:39:23","cancelled"
249366791,"2023-07-04 05:42:15","cancelled"
249536121,"2023-07-04 05:50:24","cancelled"
247831901,"2023-07-04 05:51:23","cancelled"
247892281,"2023-07-04 05:51:26","cancelled"
247897071,"2023-07-04 05:51:27","cancelled"
248114871,"2023-07-04 05:51:29","cancelled"
248117911,"2023-07-04 05:51:31","cancelled"
248120241,"2023-07-04 05:51:35","cancelled"
248129721,"2023-07-04 05:51:38","cancelled"
248130721,"2023-07-04 05:51:40","cancelled"
248141491,"2023-07-04 05:51:43","cancelled"
248141901,"2023-07-04 05:51:47","cancelled"
248145811,"2023-07-04 05:51:49","cancelled"
248151851,"2023-07-04 05:51:53","cancelled"
248152721,"2023-07-04 05:51:55","cancelled"
248153071,"2023-07-04 05:51:57","cancelled"
248161391,"2023-07-04 05:51:59","cancelled"
248164001,"2023-07-04 05:52:00","cancelled"
248164661,"2023-07-04 05:52:02","cancelled"
248165941,"2023-07-04 05:52:04","cancelled"
248172111,"2023-07-04 05:52:08","cancelled"
248173181,"2023-07-04 05:52:10","cancelled"
248176031,"2023-07-04 05:52:14","cancelled"
248179991,"2023-07-04 05:52:16","cancelled"
248188761,"2023-07-04 05:52:20","cancelled"
248189461,"2023-07-04 05:52:21","cancelled"
248200691,"2023-07-04 05:52:23","cancelled"
248200961,"2023-07-04 05:52:27","cancelled"
248212271,"2023-07-04 05:52:29","cancelled"
248217121,"2023-07-04 05:52:31","cancelled"
248220181,"2023-07-04 05:52:32","cancelled"
248222691,"2023-07-04 05:52:35","cancelled"
248224391,"2023-07-04 05:52:38","cancelled"
248224761,"2023-07-04 05:52:41","cancelled"
248225991,"2023-07-04 05:52:43","cancelled"
248226421,"2023-07-04 05:52:46","cancelled"
248226631,"2023-07-04 05:52:49","cancelled"
248227401,"2023-07-04 05:52:53","cancelled"
248228791,"2023-07-04 05:52:55","cancelled"
248230561,"2023-07-04 05:52:57","cancelled"
248232881,"2023-07-04 05:52:59","cancelled"
248238971,"2023-07-04 05:53:02","cancelled"
248241881,"2023-07-04 05:53:04","cancelled"
248140951,"2023-07-04 05:53:05","cancelled"
248247221,"2023-07-04 05:53:09","cancelled"
248253111,"2023-07-04 05:53:10","cancelled"
248253171,"2023-07-04 05:53:13","cancelled"
248254231,"2023-07-04 05:53:15","cancelled"
248261451,"2023-07-04 05:53:18","cancelled"
248271661,"2023-07-04 05:53:22","cancelled"
248274751,"2023-07-04 05:53:25","cancelled"
248289001,"2023-07-04 05:53:27","cancelled"
248293521,"2023-07-04 05:53:30","cancelled"
248294511,"2023-07-04 05:53:34","cancelled"
248306261,"2023-07-04 05:53:36","cancelled"
249537631,"2023-07-04 05:53:37","cancelled"
248307401,"2023-07-04 05:53:37","cancelled"
248308841,"2023-07-04 05:53:40","cancelled"
248321341,"2023-07-04 05:53:43","cancelled"
248324311,"2023-07-04 05:53:45","cancelled"
248326201,"2023-07-04 05:53:47","cancelled"
248327421,"2023-07-04 05:53:50","cancelled"
248331921,"2023-07-04 05:53:52","cancelled"
248334221,"2023-07-04 05:53:53","cancelled"
248342041,"2023-07-04 05:53:55","cancelled"
248343661,"2023-07-04 05:53:56","cancelled"
248345951,"2023-07-04 05:53:59","cancelled"
248349681,"2023-07-04 05:54:01","cancelled"
248366431,"2023-07-04 05:54:02","cancelled"
248368441,"2023-07-04 05:54:04","cancelled"
248371351,"2023-07-04 05:54:07","cancelled"
248376571,"2023-07-04 05:54:09","cancelled"
248377271,"2023-07-04 05:54:10","cancelled"
248384201,"2023-07-04 05:54:13","cancelled"
248384921,"2023-07-04 05:54:28","cancelled"
248281051,"2023-07-04 05:54:30","cancelled"
248386721,"2023-07-04 05:54:33","cancelled"
248390901,"2023-07-04 05:54:36","cancelled"
248402731,"2023-07-04 05:54:38","cancelled"
248424451,"2023-07-04 05:54:40","cancelled"
248310621,"2023-07-04 05:54:41","cancelled"
248441761,"2023-07-04 05:54:43","cancelled"
248443061,"2023-07-04 05:54:44","cancelled"
248460701,"2023-07-04 05:54:46","cancelled"
248462941,"2023-07-04 05:54:48","cancelled"
248464531,"2023-07-04 05:54:51","cancelled"
248472621,"2023-07-04 05:54:55","cancelled"
248473361,"2023-07-04 05:54:59","cancelled"
248480971,"2023-07-04 05:55:00","cancelled"
248481951,"2023-07-04 05:55:03","cancelled"
248495551,"2023-07-04 05:55:06","cancelled"
248500741,"2023-07-04 05:55:07","cancelled"
248504481,"2023-07-04 05:55:11","cancelled"
248594071,"2023-07-04 05:55:14","cancelled"
248720581,"2023-07-04 05:55:16","cancelled"
248729461,"2023-07-04 05:55:19","cancelled"
249365481,"2023-07-04 06:03:05","cancelled"
249103521,"2023-07-04 06:05:25","cancelled"
248676261,"2023-07-04 06:13:45","cancelled"
249170181,"2023-07-04 06:27:16","cancelled"
246821831,"2023-07-04 06:29:42","cancelled"
246823461,"2023-07-04 06:30:12","cancelled"
246860121,"2023-07-04 06:30:46","cancelled"
249363881,"2023-07-04 06:31:19","cancelled"
246910111,"2023-07-04 06:32:47","cancelled"
249539291,"2023-07-04 06:33:01","cancelled"
249539441,"2023-07-04 06:37:22","cancelled"
247105431,"2023-07-04 06:39:15","cancelled"
247291761,"2023-07-04 06:44:05","cancelled"
249539541,"2023-07-04 06:48:09","cancelled"
247381571,"2023-07-04 06:48:09","cancelled"
249536421,"2023-07-04 06:49:47","cancelled"
247458691,"2023-07-04 06:51:39","cancelled"
247537921,"2023-07-04 06:53:13","cancelled"
249464861,"2023-07-04 06:54:58","cancelled"
247551721,"2023-07-04 06:55:13","cancelled"
247610211,"2023-07-04 06:56:16","cancelled"
247604721,"2023-07-04 06:58:33","cancelled"
247605111,"2023-07-04 06:59:14","cancelled"
249540331,"2023-07-04 06:59:38","cancelled"
249519071,"2023-07-04 07:00:55","cancelled"
247712811,"2023-07-04 07:00:59","cancelled"
249491941,"2023-07-04 07:02:16","cancelled"
247759501,"2023-07-04 07:03:46","cancelled"
249518331,"2023-07-04 07:04:51","cancelled"
247776591,"2023-07-04 07:05:09","cancelled"
249464021,"2023-07-04 07:06:14","cancelled"
249396661,"2023-07-04 07:10:20","cancelled"
249514041,"2023-07-04 07:19:04","cancelled"
248815671,"2023-07-04 07:25:10","cancelled"
249541521,"2023-07-04 07:26:48","cancelled"
249483351,"2023-07-04 07:30:55","cancelled"
249499901,"2023-07-04 07:32:58","cancelled"
249542231,"2023-07-04 07:33:12","cancelled"
249542351,"2023-07-04 07:35:21","cancelled"
249543621,"2023-07-04 07:40:14","cancelled"
249543461,"2023-07-04 07:42:25","cancelled"
249542691,"2023-07-04 07:43:20","cancelled"
249383631,"2023-07-04 07:43:36","cancelled"
248873351,"2023-07-04 07:43:58","cancelled"
249380271,"2023-07-04 07:45:26","cancelled"
249529941,"2023-07-04 07:47:31","cancelled"
248723311,"2023-07-04 07:48:17","cancelled"
249537781,"2023-07-04 07:48:42","cancelled"
248672761,"2023-07-04 07:49:53","cancelled"
249544831,"2023-07-04 07:51:26","cancelled"
249545531,"2023-07-04 07:57:55","cancelled"
249361301,"2023-07-04 07:58:03","cancelled"
249454341,"2023-07-04 08:03:30","cancelled"
249337621,"2023-07-04 08:03:38","cancelled"
249393281,"2023-07-04 08:04:46","cancelled"
248665601,"2023-07-04 08:07:24","cancelled"
248284281,"2023-07-04 08:08:13","cancelled"
249389711,"2023-07-04 08:13:38","cancelled"
249544201,"2023-07-04 08:15:03","cancelled"
249547611,"2023-07-04 08:17:21","cancelled"
249517601,"2023-07-04 08:18:54","cancelled"
249548141,"2023-07-04 08:20:24","cancelled"
248459111,"2023-07-04 08:21:16","cancelled"
249546301,"2023-07-04 08:22:07","cancelled"
249548541,"2023-07-04 08:22:20","cancelled"
249228531,"2023-07-04 08:24:12","cancelled"
248141211,"2023-07-04 08:29:41","cancelled"
249472561,"2023-07-04 08:30:05","cancelled"
249550151,"2023-07-04 08:34:51","cancelled"
249432251,"2023-07-04 08:43:39","cancelled"
249469891,"2023-07-04 08:47:00","cancelled"
249510931,"2023-07-04 08:53:04","cancelled"
249552291,"2023-07-04 08:53:07","cancelled"
249552461,"2023-07-04 08:54:40","cancelled"
249553281,"2023-07-04 08:59:53","cancelled"
249470661,"2023-07-04 09:00:58","cancelled"
249553561,"2023-07-04 09:02:14","cancelled"
249216431,"2023-07-04 09:02:51","cancelled"
248200051,"2023-07-04 09:04:03","cancelled"
249554301,"2023-07-04 09:07:25","cancelled"
248372451,"2023-07-04 09:15:05","cancelled"
249110241,"2023-07-04 09:18:31","cancelled"
249305631,"2023-07-04 09:19:07","cancelled"
249554421,"2023-07-04 09:21:03","cancelled"
249513851,"2023-07-04 09:21:23","cancelled"
249555981,"2023-07-04 09:28:15","cancelled"
248316771,"2023-07-04 09:28:26","cancelled"
249550111,"2023-07-04 09:30:01","cancelled"
249494251,"2023-07-04 09:32:39","cancelled"
249555771,"2023-07-04 09:33:16","cancelled"
248987991,"2023-07-04 09:33:19","cancelled"
249051601,"2023-07-04 09:35:14","cancelled"
248744651,"2023-07-04 09:36:38","cancelled"
249124251,"2023-07-04 09:36:46","cancelled"
247706961,"2023-07-04 09:37:53","cancelled"
249124421,"2023-07-04 09:37:53","cancelled"
249124831,"2023-07-04 09:38:14","cancelled"
249114391,"2023-07-04 09:39:24","cancelled"
248778591,"2023-07-04 09:39:41","cancelled"
249559011,"2023-07-04 09:41:03","cancelled"
249559541,"2023-07-04 09:43:07","cancelled"
249557811,"2023-07-04 09:43:34","cancelled"
248682251,"2023-07-04 09:44:20","cancelled"
249559761,"2023-07-04 09:46:37","cancelled"
249559961,"2023-07-04 09:47:00","cancelled"
247910101,"2023-07-04 09:47:51","cancelled"
246267291,"2023-07-04 09:49:24","cancelled"
246854231,"2023-07-04 09:51:51","cancelled"
249378491,"2023-07-04 09:53:09","cancelled"
247603771,"2023-07-04 09:53:38","cancelled"
249560251,"2023-07-04 09:54:54","cancelled"
249561541,"2023-07-04 09:59:43","cancelled"
249496101,"2023-07-04 10:02:20","cancelled"
248512971,"2023-07-04 10:03:10","cancelled"
249560301,"2023-07-04 10:04:14","cancelled"
249562921,"2023-07-04 10:05:01","cancelled"
249402271,"2023-07-04 10:05:30","cancelled"
249524841,"2023-07-04 10:05:42","cancelled"
248595481,"2023-07-04 10:07:50","cancelled"
248560781,"2023-07-04 10:08:53","cancelled"
249223531,"2023-07-04 10:08:57","cancelled"
249563561,"2023-07-04 10:10:03","cancelled"
248659471,"2023-07-04 10:10:04","cancelled"
248073021,"2023-07-04 10:10:14","cancelled"
247919351,"2023-07-04 10:13:58","cancelled"
249173761,"2023-07-04 10:13:59","cancelled"
248196741,"2023-07-04 10:14:44","cancelled"
249156801,"2023-07-04 10:16:19","cancelled"
249226521,"2023-07-04 10:16:31","cancelled"
248624781,"2023-07-04 10:17:18","cancelled"
249250161,"2023-07-04 10:18:30","cancelled"
249293301,"2023-07-04 10:19:59","cancelled"
249285761,"2023-07-04 10:21:54","cancelled"
247171381,"2023-07-04 10:23:33","cancelled"
249388421,"2023-07-04 10:24:19","cancelled"
249277421,"2023-07-04 10:25:25","cancelled"
248031641,"2023-07-04 10:25:29","cancelled"
249484131,"2023-07-04 10:26:31","cancelled"
249356861,"2023-07-04 10:26:44","cancelled"
249075021,"2023-07-04 10:26:52","cancelled"
249115181,"2023-07-04 10:26:53","cancelled"
249380461,"2023-07-04 10:26:55","cancelled"
249381861,"2023-07-04 10:26:57","cancelled"
249383421,"2023-07-04 10:27:00","cancelled"
249384481,"2023-07-04 10:27:02","cancelled"
249387751,"2023-07-04 10:27:03","cancelled"
249392651,"2023-07-04 10:27:05","cancelled"
249396841,"2023-07-04 10:27:07","cancelled"
249397361,"2023-07-04 10:27:08","cancelled"
249399801,"2023-07-04 10:27:10","cancelled"
249400291,"2023-07-04 10:27:12","cancelled"
249402921,"2023-07-04 10:27:14","cancelled"
249405491,"2023-07-04 10:27:15","cancelled"
249408121,"2023-07-04 10:27:17","cancelled"
249410891,"2023-07-04 10:27:19","cancelled"
249416681,"2023-07-04 10:27:20","cancelled"
248372181,"2023-07-04 10:27:21","cancelled"
249423941,"2023-07-04 10:27:22","cancelled"
249432431,"2023-07-04 10:27:24","cancelled"
249432821,"2023-07-04 10:27:25","cancelled"
249434891,"2023-07-04 10:27:28","cancelled"
249435721,"2023-07-04 10:27:29","cancelled"
249444511,"2023-07-04 10:27:32","cancelled"
249449301,"2023-07-04 10:27:33","cancelled"
249452651,"2023-07-04 10:27:35","cancelled"
249454271,"2023-07-04 10:27:36","cancelled"
249454971,"2023-07-04 10:27:39","cancelled"
249460241,"2023-07-04 10:27:40","cancelled"
249461361,"2023-07-04 10:27:42","cancelled"
249466741,"2023-07-04 10:27:43","cancelled"
249466861,"2023-07-04 10:27:45","cancelled"
249473871,"2023-07-04 10:27:46","cancelled"
249475501,"2023-07-04 10:27:48","cancelled"
249480911,"2023-07-04 10:27:50","cancelled"
249483741,"2023-07-04 10:27:52","cancelled"
248225581,"2023-07-04 10:27:53","cancelled"
249383431,"2023-07-04 10:27:54","cancelled"
249489771,"2023-07-04 10:27:56","cancelled"
249490181,"2023-07-04 10:27:57","cancelled"
249494811,"2023-07-04 10:27:59","cancelled"
249480061,"2023-07-04 10:28:00","cancelled"
249502221,"2023-07-04 10:28:01","cancelled"
249509021,"2023-07-04 10:28:03","cancelled"
249511671,"2023-07-04 10:28:05","cancelled"
249516951,"2023-07-04 10:28:06","cancelled"
249517881,"2023-07-04 10:28:08","cancelled"
249519421,"2023-07-04 10:28:09","cancelled"
249523041,"2023-07-04 10:28:11","cancelled"
249429451,"2023-07-04 10:28:13","cancelled"
249523961,"2023-07-04 10:28:15","cancelled"
249528871,"2023-07-04 10:28:17","cancelled"
249536191,"2023-07-04 10:28:18","cancelled"
249463741,"2023-07-04 10:28:20","cancelled"
249544611,"2023-07-04 10:28:22","cancelled"
249549261,"2023-07-04 10:28:25","cancelled"
249557371,"2023-07-04 10:29:03","cancelled"
249556601,"2023-07-04 10:30:05","cancelled"
249319461,"2023-07-04 10:30:24","cancelled"
248706161,"2023-07-04 10:32:29","cancelled"
249566901,"2023-07-04 10:32:58","cancelled"
248497281,"2023-07-04 10:33:52","cancelled"
249559721,"2023-07-04 10:34:39","cancelled"
249425301,"2023-07-04 10:35:11","cancelled"
246086071,"2023-07-04 10:36:11","cancelled"
248025411,"2023-07-04 10:36:43","cancelled"
248993561,"2023-07-04 10:38:05","cancelled"
248315661,"2023-07-04 10:39:14","cancelled"
248712201,"2023-07-04 10:41:21","cancelled"
248832421,"2023-07-04 10:43:33","cancelled"
247807771,"2023-07-04 10:43:54","cancelled"
249510011,"2023-07-04 10:44:39","cancelled"
248691101,"2023-07-04 10:45:33","cancelled"
248400081,"2023-07-04 10:46:26","cancelled"
248655091,"2023-07-04 10:46:44","cancelled"
248417901,"2023-07-04 10:47:09","cancelled"
248278021,"2023-07-04 10:47:20","cancelled"
249540441,"2023-07-04 10:47:40","cancelled"
248454371,"2023-07-04 10:49:07","cancelled"
249554361,"2023-07-04 10:49:49","cancelled"
249569251,"2023-07-04 10:50:35","cancelled"
248766311,"2023-07-04 10:50:38","cancelled"
249569641,"2023-07-04 10:51:23","cancelled"
248635621,"2023-07-04 10:51:43","cancelled"
248087681,"2023-07-04 10:51:48","cancelled"
249511941,"2023-07-04 10:51:50","cancelled"
249440581,"2023-07-04 10:51:55","cancelled"
248622001,"2023-07-04 10:51:57","cancelled"
249011781,"2023-07-04 10:52:20","cancelled"
249539921,"2023-07-04 10:53:07","cancelled"
249351251,"2023-07-04 10:53:26","cancelled"
249438431,"2023-07-04 10:53:57","cancelled"
248479711,"2023-07-04 10:54:27","cancelled"
248975911,"2023-07-04 10:54:49","cancelled"
249570211,"2023-07-04 10:55:00","cancelled"
249568711,"2023-07-04 10:55:28","cancelled"
249569841,"2023-07-04 10:55:35","cancelled"
249568951,"2023-07-04 10:55:45","cancelled"
249569821,"2023-07-04 10:56:20","cancelled"
249570321,"2023-07-04 10:56:36","cancelled"
248537511,"2023-07-04 10:57:09","cancelled"
249472731,"2023-07-04 10:57:09","cancelled"
246669031,"2023-07-04 10:58:26","cancelled"
248458041,"2023-07-04 10:59:03","cancelled"
249571161,"2023-07-04 10:59:41","cancelled"
249511321,"2023-07-04 11:00:37","cancelled"
249518151,"2023-07-04 11:01:02","cancelled"
248933301,"2023-07-04 11:03:43","cancelled"
249571641,"2023-07-04 11:04:13","cancelled"
249572661,"2023-07-04 11:09:46","cancelled"
249572141,"2023-07-04 11:11:45","cancelled"
248950901,"2023-07-04 11:12:45","cancelled"
249496171,"2023-07-04 11:13:30","cancelled"
249573231,"2023-07-04 11:13:38","cancelled"
249570331,"2023-07-04 11:13:44","cancelled"
249573821,"2023-07-04 11:16:27","cancelled"
249529451,"2023-07-04 11:16:45","cancelled"
248684991,"2023-07-04 11:18:17","cancelled"
248856261,"2023-07-04 11:18:19","cancelled"
248505551,"2023-07-04 11:18:34","cancelled"
249098021,"2023-07-04 11:19:03","cancelled"
249567201,"2023-07-04 11:20:23","cancelled"
248193671,"2023-07-04 11:21:39","cancelled"
249573831,"2023-07-04 11:21:46","cancelled"
249575281,"2023-07-04 11:23:12","cancelled"
249575631,"2023-07-04 11:25:19","cancelled"
249568141,"2023-07-04 11:25:54","cancelled"
248831081,"2023-07-04 11:26:24","cancelled"
248193231,"2023-07-04 11:27:41","cancelled"
249306041,"2023-07-04 11:28:09","cancelled"
248412141,"2023-07-04 11:28:14","cancelled"
249576241,"2023-07-04 11:28:29","cancelled"
249520691,"2023-07-04 11:30:22","cancelled"
249306671,"2023-07-04 11:31:03","cancelled"
249573671,"2023-07-04 11:31:10","cancelled"
249356971,"2023-07-04 11:32:22","cancelled"
249290401,"2023-07-04 11:33:27","cancelled"
248765171,"2023-07-04 11:33:47","cancelled"
249065651,"2023-07-04 11:33:49","cancelled"
249567711,"2023-07-04 11:34:26","cancelled"
249523141,"2023-07-04 11:35:48","cancelled"
249577431,"2023-07-04 11:35:52","cancelled"
249481011,"2023-07-04 11:36:52","cancelled"
249254701,"2023-07-04 11:37:16","cancelled"
249064021,"2023-07-04 11:38:01","cancelled"
247994081,"2023-07-04 11:40:14","cancelled"
248809721,"2023-07-04 11:41:09","cancelled"
249578541,"2023-07-04 11:41:28","cancelled"
249572941,"2023-07-04 11:41:45","cancelled"
249566961,"2023-07-04 11:42:02","cancelled"
248455281,"2023-07-04 11:42:32","cancelled"
249578781,"2023-07-04 11:43:16","cancelled"
244694401,"2023-07-04 11:43:40","cancelled"
249577631,"2023-07-04 11:44:25","cancelled"
245798651,"2023-07-04 11:45:03","cancelled"
244916311,"2023-07-04 11:45:49","cancelled"
249579411,"2023-07-04 11:46:40","cancelled"
248461821,"2023-07-04 11:46:43","cancelled"
248261311,"2023-07-04 11:46:50","cancelled"
248569461,"2023-07-04 11:47:35","cancelled"
248592501,"2023-07-04 11:48:19","cancelled"
249160951,"2023-07-04 11:48:30","cancelled"
249415301,"2023-07-04 11:48:57","cancelled"
249579391,"2023-07-04 11:50:12","cancelled"
248773781,"2023-07-04 11:50:41","cancelled"
249580171,"2023-07-04 11:51:11","cancelled"
248857251,"2023-07-04 11:51:53","cancelled"
248736851,"2023-07-04 11:53:09","cancelled"
249579961,"2023-07-04 11:54:11","cancelled"
249500601,"2023-07-04 11:54:18","cancelled"
248593281,"2023-07-04 11:55:04","cancelled"
248955231,"2023-07-04 11:55:16","cancelled"
249581061,"2023-07-04 11:55:17","cancelled"
249553181,"2023-07-04 11:55:45","cancelled"
249573431,"2023-07-04 11:56:20","cancelled"
249394541,"2023-07-04 11:57:19","cancelled"
249541611,"2023-07-04 11:58:45","cancelled"
248594011,"2023-07-04 11:58:53","cancelled"
249579331,"2023-07-04 11:59:41","cancelled"
249465431,"2023-07-04 12:00:22","cancelled"
249423161,"2023-07-04 12:02:50","cancelled"
249422811,"2023-07-04 12:03:08","cancelled"
247079151,"2023-07-04 12:04:05","cancelled"
249582811,"2023-07-04 12:06:11","cancelled"
248447581,"2023-07-04 12:06:25","cancelled"
249581311,"2023-07-04 12:08:16","cancelled"
249583271,"2023-07-04 12:08:48","cancelled"
249583991,"2023-07-04 12:11:06","cancelled"
249537601,"2023-07-04 12:11:09","cancelled"
249252861,"2023-07-04 12:11:34","cancelled"
248724311,"2023-07-04 12:13:18","cancelled"
249573081,"2023-07-04 12:13:19","cancelled"
249584241,"2023-07-04 12:13:23","cancelled"
248877151,"2023-07-04 12:14:05","cancelled"
249580191,"2023-07-04 12:14:24","cancelled"
249584141,"2023-07-04 12:14:55","cancelled"
248720441,"2023-07-04 12:15:04","cancelled"
249584531,"2023-07-04 12:15:23","cancelled"
249561001,"2023-07-04 12:15:49","cancelled"
249349081,"2023-07-04 12:17:11","cancelled"
249372061,"2023-07-04 12:20:56","cancelled"
249050251,"2023-07-04 12:21:09","cancelled"
249284441,"2023-07-04 12:21:12","cancelled"
249365771,"2023-07-04 12:24:18","cancelled"
249567031,"2023-07-04 12:24:49","cancelled"
249289831,"2023-07-04 12:24:56","cancelled"
248632311,"2023-07-04 12:25:18","cancelled"
249566711,"2023-07-04 12:26:07","cancelled"
248641001,"2023-07-04 12:27:59","cancelled"
248263091,"2023-07-04 12:29:12","cancelled"
249316041,"2023-07-04 12:32:26","cancelled"
248675301,"2023-07-04 12:33:41","cancelled"
249283511,"2023-07-04 12:35:10","cancelled"
249515231,"2023-07-04 12:35:17","cancelled"
249587311,"2023-07-04 12:36:11","cancelled"
248589681,"2023-07-04 12:36:22","cancelled"
248661321,"2023-07-04 12:38:52","cancelled"
249304261,"2023-07-04 12:40:10","cancelled"
249577021,"2023-07-04 12:41:17","cancelled"
249471781,"2023-07-04 12:41:48","cancelled"
249589231,"2023-07-04 12:42:01","cancelled"
249080211,"2023-07-04 12:42:50","cancelled"
248819971,"2023-07-04 12:43:04","cancelled"
247901241,"2023-07-04 12:44:40","cancelled"
249590071,"2023-07-04 12:45:11","cancelled"
248592991,"2023-07-04 12:46:04","cancelled"
249067951,"2023-07-04 12:46:24","cancelled"
249590451,"2023-07-04 12:46:36","cancelled"
249589931,"2023-07-04 12:46:45","cancelled"
249492561,"2023-07-04 12:46:52","cancelled"
248443881,"2023-07-04 12:47:39","cancelled"
248268211,"2023-07-04 12:47:47","cancelled"
249116111,"2023-07-04 12:48:18","cancelled"
249590801,"2023-07-04 12:48:47","cancelled"
249305581,"2023-07-04 12:50:23","cancelled"
249590701,"2023-07-04 12:51:52","cancelled"
249591301,"2023-07-04 12:52:16","cancelled"
248607251,"2023-07-04 12:52:24","cancelled"
249232571,"2023-07-04 12:54:50","cancelled"
249587981,"2023-07-04 12:55:01","cancelled"
249383241,"2023-07-04 12:55:06","cancelled"
249359511,"2023-07-04 12:55:59","cancelled"
249584651,"2023-07-04 12:56:41","cancelled"
249548591,"2023-07-04 12:56:41","cancelled"
248722041,"2023-07-04 12:57:22","cancelled"
248718961,"2023-07-04 13:00:45","cancelled"
249593481,"2023-07-04 13:02:10","cancelled"
249592591,"2023-07-04 13:02:28","cancelled"
249436861,"2023-07-04 13:02:49","cancelled"
249255121,"2023-07-04 13:03:26","cancelled"
249327861,"2023-07-04 13:04:20","cancelled"
249279051,"2023-07-04 13:04:55","cancelled"
248368451,"2023-07-04 13:06:50","cancelled"
249404191,"2023-07-04 13:06:53","cancelled"
249123991,"2023-07-04 13:07:22","cancelled"
248271551,"2023-07-04 13:08:24","cancelled"
249498951,"2023-07-04 13:09:05","cancelled"
249528701,"2023-07-04 13:10:05","cancelled"
249595541,"2023-07-04 13:12:19","cancelled"
248767761,"2023-07-04 13:12:51","cancelled"
249118411,"2023-07-04 13:13:09","cancelled"
248128761,"2023-07-04 13:14:37","cancelled"
249455581,"2023-07-04 13:14:42","cancelled"
249138271,"2023-07-04 13:16:20","cancelled"
248852921,"2023-07-04 13:16:21","cancelled"
248851571,"2023-07-04 13:16:55","cancelled"
248270931,"2023-07-04 13:18:07","cancelled"
248706211,"2023-07-04 13:18:34","cancelled"
249526821,"2023-07-04 13:20:30","cancelled"
249594561,"2023-07-04 13:21:31","cancelled"
248165601,"2023-07-04 13:21:49","cancelled"
248336751,"2023-07-04 13:23:16","cancelled"
249569221,"2023-07-04 13:23:30","cancelled"
249597761,"2023-07-04 13:23:47","cancelled"
249364631,"2023-07-04 13:24:06","cancelled"
249393931,"2023-07-04 13:25:14","cancelled"
249597981,"2023-07-04 13:25:47","cancelled"
248359591,"2023-07-04 13:26:08","cancelled"
249592281,"2023-07-04 13:26:48","cancelled"
249134541,"2023-07-04 13:27:13","cancelled"
249435711,"2023-07-04 13:27:56","cancelled"
249418051,"2023-07-04 13:28:01","cancelled"
249597771,"2023-07-04 13:30:23","cancelled"
249110141,"2023-07-04 13:30:47","cancelled"
249447941,"2023-07-04 13:31:07","cancelled"
248656741,"2023-07-04 13:31:47","cancelled"
249281751,"2023-07-04 13:31:53","cancelled"
249263331,"2023-07-04 13:32:10","cancelled"
249144531,"2023-07-04 13:34:01","cancelled"
249599641,"2023-07-04 13:34:53","cancelled"
248709431,"2023-07-04 13:35:02","cancelled"
249246641,"2023-07-04 13:35:18","cancelled"
249598771,"2023-07-04 13:37:54","cancelled"
249304921,"2023-07-04 13:38:37","cancelled"
249598711,"2023-07-04 13:39:24","cancelled"
248481131,"2023-07-04 13:39:58","cancelled"
249513981,"2023-07-04 13:41:35","cancelled"
249251751,"2023-07-04 13:44:44","cancelled"
249258221,"2023-07-04 13:45:30","cancelled"
249330341,"2023-07-04 13:45:45","cancelled"
249318091,"2023-07-04 13:45:58","cancelled"
248593381,"2023-07-04 13:46:35","cancelled"
249316441,"2023-07-04 13:46:41","cancelled"
249314461,"2023-07-04 13:48:21","cancelled"
249297701,"2023-07-04 13:48:38","cancelled"
248938441,"2023-07-04 13:48:54","cancelled"
249282971,"2023-07-04 13:49:43","cancelled"
249569471,"2023-07-04 13:51:00","cancelled"
249583771,"2023-07-04 13:53:54","cancelled"
249603561,"2023-07-04 13:57:44","cancelled"
249588901,"2023-07-04 13:57:45","cancelled"
249158901,"2023-07-04 13:58:13","cancelled"
249564281,"2023-07-04 13:58:34","cancelled"
249533101,"2023-07-04 13:58:58","cancelled"
249600921,"2023-07-04 14:00:24","cancelled"
249603411,"2023-07-04 14:01:14","cancelled"
249457971,"2023-07-04 14:03:04","cancelled"
249600081,"2023-07-04 14:03:34","cancelled"
249601601,"2023-07-04 14:03:54","cancelled"
249591361,"2023-07-04 14:04:41","cancelled"
248865821,"2023-07-04 14:06:20","cancelled"
249607021,"2023-07-04 14:14:59","cancelled"
249606861,"2023-07-04 14:17:30","cancelled"
249600981,"2023-07-04 14:21:40","cancelled"
249097851,"2023-07-04 14:21:55","cancelled"
248536011,"2023-07-04 14:23:37","cancelled"
249609061,"2023-07-04 14:24:36","cancelled"
249316551,"2023-07-04 14:24:43","cancelled"
248764711,"2023-07-04 14:28:35","cancelled"
249109031,"2023-07-04 14:28:44","cancelled"
249609531,"2023-07-04 14:29:20","cancelled"
249601881,"2023-07-04 14:29:48","cancelled"
249460651,"2023-07-04 14:32:15","cancelled"
249329431,"2023-07-04 14:32:29","cancelled"
249523781,"2023-07-04 14:32:59","cancelled"
249211391,"2023-07-04 14:35:28","cancelled"
248980841,"2023-07-04 14:37:39","cancelled"
249529711,"2023-07-04 14:39:31","cancelled"
249609861,"2023-07-04 14:39:38","cancelled"
249475121,"2023-07-04 14:40:26","cancelled"
249070381,"2023-07-04 14:42:09","cancelled"
249585581,"2023-07-04 14:43:20","cancelled"
249613021,"2023-07-04 14:51:35","cancelled"
249613381,"2023-07-04 14:54:13","cancelled"
249613641,"2023-07-04 14:54:37","cancelled"
248972021,"2023-07-04 14:57:05","cancelled"
249455701,"2023-07-04 14:57:09","cancelled"
248516221,"2023-07-04 14:59:03","cancelled"
248154261,"2023-07-04 14:59:08","cancelled"
249583681,"2023-07-04 14:59:42","cancelled"
249613501,"2023-07-04 15:00:42","cancelled"
249338381,"2023-07-04 15:01:14","cancelled"
248897041,"2023-07-04 15:01:24","cancelled"
249614601,"2023-07-04 15:02:17","cancelled"
249614271,"2023-07-04 15:02:31","cancelled"
248734341,"2023-07-04 15:06:37","cancelled"
249500921,"2023-07-04 15:09:36","cancelled"
249018301,"2023-07-04 15:14:35","cancelled"
249387761,"2023-07-04 15:18:16","cancelled"
249395821,"2023-07-04 15:18:38","cancelled"
249617251,"2023-07-04 15:21:35","cancelled"
249017891,"2023-07-04 15:21:42","cancelled"
249614801,"2023-07-04 15:22:03","cancelled"
249584211,"2023-07-04 15:23:06","cancelled"
249158521,"2023-07-04 15:23:28","cancelled"
248985441,"2023-07-04 15:25:20","cancelled"
249617761,"2023-07-04 15:25:24","cancelled"
249350151,"2023-07-04 15:26:07","cancelled"
249607601,"2023-07-04 15:27:24","cancelled"
249618511,"2023-07-04 15:29:05","cancelled"
248967651,"2023-07-04 15:29:10","cancelled"
248904681,"2023-07-04 15:30:29","cancelled"
249618351,"2023-07-04 15:31:19","cancelled"
248906831,"2023-07-04 15:32:32","cancelled"
249530491,"2023-07-04 15:32:36","cancelled"
248896721,"2023-07-04 15:32:45","cancelled"
249618391,"2023-07-04 15:33:05","cancelled"
249322521,"2023-07-04 15:33:19","cancelled"
249596471,"2023-07-04 15:39:26","cancelled"
248493421,"2023-07-04 15:40:36","cancelled"
249590061,"2023-07-04 15:42:15","cancelled"
249620091,"2023-07-04 15:43:02","cancelled"
249490361,"2023-07-04 15:45:49","cancelled"
249622121,"2023-07-04 15:45:51","cancelled"
249402791,"2023-07-04 15:49:53","cancelled"
248766931,"2023-07-04 15:50:06","cancelled"
248879141,"2023-07-04 15:52:56","cancelled"
249623401,"2023-07-04 15:53:16","cancelled"
249623901,"2023-07-04 15:55:55","cancelled"
249271901,"2023-07-04 16:00:41","cancelled"
249572611,"2023-07-04 16:05:07","cancelled"
249508381,"2023-07-04 16:07:30","cancelled"
249624801,"2023-07-04 16:07:38","cancelled"
249480741,"2023-07-04 16:07:46","cancelled"
249626251,"2023-07-04 16:10:14","cancelled"
249090111,"2023-07-04 16:10:46","cancelled"
249626351,"2023-07-04 16:14:08","cancelled"
249613391,"2023-07-04 16:14:14","cancelled"
249310081,"2023-07-04 16:14:45","cancelled"
248928421,"2023-07-04 16:16:16","cancelled"
248855661,"2023-07-04 16:17:45","cancelled"
249627631,"2023-07-04 16:20:47","cancelled"
248280681,"2023-07-04 16:20:58","cancelled"
249628811,"2023-07-04 16:21:24","cancelled"
249590581,"2023-07-04 16:23:39","cancelled"
249591761,"2023-07-04 16:25:03","cancelled"
249522291,"2023-07-04 16:25:16","cancelled"
249542721,"2023-07-04 16:25:17","cancelled"
249408841,"2023-07-04 16:26:13","cancelled"
249528461,"2023-07-04 16:26:18","cancelled"
249627591,"2023-07-04 16:26:37","cancelled"
249629721,"2023-07-04 16:27:30","cancelled"
249630131,"2023-07-04 16:28:10","cancelled"
248612621,"2023-07-04 16:30:44","cancelled"
249168251,"2023-07-04 16:32:58","cancelled"
247801881,"2023-07-04 16:34:52","cancelled"
249567321,"2023-07-04 16:34:59","cancelled"
249380851,"2023-07-04 16:36:41","cancelled"
249382501,"2023-07-04 16:36:43","cancelled"
249400061,"2023-07-04 16:36:45","cancelled"
249414861,"2023-07-04 16:36:48","cancelled"
249420051,"2023-07-04 16:36:50","cancelled"
249422931,"2023-07-04 16:36:53","cancelled"
249435701,"2023-07-04 16:36:55","cancelled"
249438411,"2023-07-04 16:36:57","cancelled"
249447721,"2023-07-04 16:36:58","cancelled"
249448311,"2023-07-04 16:37:00","cancelled"
249450181,"2023-07-04 16:37:08","cancelled"
249456091,"2023-07-04 16:37:10","cancelled"
249469581,"2023-07-04 16:37:12","cancelled"
249475671,"2023-07-04 16:37:13","cancelled"
249499591,"2023-07-04 16:37:16","cancelled"
249502131,"2023-07-04 16:37:17","cancelled"
249512641,"2023-07-04 16:37:19","cancelled"
249514901,"2023-07-04 16:37:20","cancelled"
249515561,"2023-07-04 16:37:22","cancelled"
249516891,"2023-07-04 16:37:24","cancelled"
249518371,"2023-07-04 16:37:25","cancelled"
249530751,"2023-07-04 16:37:27","cancelled"
249289331,"2023-07-04 16:38:02","cancelled"
249303931,"2023-07-04 16:40:30","cancelled"
248554821,"2023-07-04 16:41:19","cancelled"
248734121,"2023-07-04 16:41:24","cancelled"
248616251,"2023-07-04 16:42:45","cancelled"
249615561,"2023-07-04 16:45:06","cancelled"
249020341,"2023-07-04 16:46:59","cancelled"
249599471,"2023-07-04 16:48:20","cancelled"
249633711,"2023-07-04 16:51:24","cancelled"
249634631,"2023-07-04 16:52:23","cancelled"
249434461,"2023-07-04 16:55:23","cancelled"
249442081,"2023-07-04 16:56:05","cancelled"
247967571,"2023-07-04 16:56:22","cancelled"
248925621,"2023-07-04 17:01:23","cancelled"
249606011,"2023-07-04 17:01:38","cancelled"
249636631,"2023-07-04 17:02:43","cancelled"
247821881,"2023-07-04 17:05:07","cancelled"
248391051,"2023-07-04 17:06:44","cancelled"
249512431,"2023-07-04 17:07:06","cancelled"
249637831,"2023-07-04 17:10:47","cancelled"
248702481,"2023-07-04 17:11:29","cancelled"
249638111,"2023-07-04 17:11:29","cancelled"
248695311,"2023-07-04 17:13:14","cancelled"
249629661,"2023-07-04 17:13:25","cancelled"
249638011,"2023-07-04 17:14:04","cancelled"
249539131,"2023-07-04 17:14:27","cancelled"
249385841,"2023-07-04 17:15:06","cancelled"
249435291,"2023-07-04 17:15:18","cancelled"
248744601,"2023-07-04 17:16:04","cancelled"
248918661,"2023-07-04 17:16:34","cancelled"
249369161,"2023-07-04 17:16:43","cancelled"
249638621,"2023-07-04 17:17:06","cancelled"
249488351,"2023-07-04 17:19:04","cancelled"
249626491,"2023-07-04 17:19:37","cancelled"
249478261,"2023-07-04 17:19:49","cancelled"
249606431,"2023-07-04 17:21:08","cancelled"
249598461,"2023-07-04 17:23:09","cancelled"
248940821,"2023-07-04 17:23:54","cancelled"
249259781,"2023-07-04 17:24:13","cancelled"
249513961,"2023-07-04 17:25:56","cancelled"
249566131,"2023-07-04 17:26:04","cancelled"
249640161,"2023-07-04 17:26:26","cancelled"
249090581,"2023-07-04 17:26:55","cancelled"
249504501,"2023-07-04 17:27:57","cancelled"
249602501,"2023-07-04 17:28:00","cancelled"
248799521,"2023-07-04 17:28:55","cancelled"
249081331,"2023-07-04 17:29:16","cancelled"
249321371,"2023-07-04 17:31:00","cancelled"
249487821,"2023-07-04 17:31:06","cancelled"
249641291,"2023-07-04 17:32:09","cancelled"
249641681,"2023-07-04 17:34:09","cancelled"
248748141,"2023-07-04 17:34:17","cancelled"
249119771,"2023-07-04 17:35:02","cancelled"
249278871,"2023-07-04 17:35:34","cancelled"
249642481,"2023-07-04 17:36:30","cancelled"
249642261,"2023-07-04 17:38:12","cancelled"
249642801,"2023-07-04 17:39:00","cancelled"
249642831,"2023-07-04 17:40:16","cancelled"
249570791,"2023-07-04 17:41:50","cancelled"
249638611,"2023-07-04 17:41:51","cancelled"
249643601,"2023-07-04 17:43:23","cancelled"
249643541,"2023-07-04 17:43:57","cancelled"
249197971,"2023-07-04 17:44:05","cancelled"
249643591,"2023-07-04 17:45:13","cancelled"
249353871,"2023-07-04 17:48:07","cancelled"
249358091,"2023-07-04 17:52:32","cancelled"
249543011,"2023-07-04 17:52:39","cancelled"
248516641,"2023-07-04 17:52:55","cancelled"
249061311,"2023-07-04 17:54:11","cancelled"
249644351,"2023-07-04 17:54:15","cancelled"
249645831,"2023-07-04 17:57:31","cancelled"
249635581,"2023-07-04 17:58:12","cancelled"
248976311,"2023-07-04 17:58:42","cancelled"
248583771,"2023-07-04 17:59:05","cancelled"
249620941,"2023-07-04 17:59:19","cancelled"
249642621,"2023-07-04 18:00:21","cancelled"
249461461,"2023-07-04 18:01:43","cancelled"
248900651,"2023-07-04 18:02:54","cancelled"
249647001,"2023-07-04 18:02:54","cancelled"
249465801,"2023-07-04 18:03:22","cancelled"
249643761,"2023-07-04 18:03:26","cancelled"
249647201,"2023-07-04 18:03:31","cancelled"
248991021,"2023-07-04 18:03:45","cancelled"
249455001,"2023-07-04 18:03:51","cancelled"
249456641,"2023-07-04 18:03:57","cancelled"
249454611,"2023-07-04 18:04:03","cancelled"
249454361,"2023-07-04 18:04:08","cancelled"
249454431,"2023-07-04 18:04:14","cancelled"
249454711,"2023-07-04 18:04:19","cancelled"
249238031,"2023-07-04 18:04:23","cancelled"
249454791,"2023-07-04 18:04:27","cancelled"
249646971,"2023-07-04 18:04:30","cancelled"
249647341,"2023-07-04 18:04:31","cancelled"
249012781,"2023-07-04 18:05:07","cancelled"
248143481,"2023-07-04 18:06:06","cancelled"
249647771,"2023-07-04 18:06:14","cancelled"
249532561,"2023-07-04 18:08:51","cancelled"
249648271,"2023-07-04 18:09:24","cancelled"
249646031,"2023-07-04 18:09:47","cancelled"
249648921,"2023-07-04 18:12:35","cancelled"
249467491,"2023-07-04 18:17:25","cancelled"
249647971,"2023-07-04 18:18:11","cancelled"
249313581,"2023-07-04 18:18:51","cancelled"
249403811,"2023-07-04 18:22:00","cancelled"
249650531,"2023-07-04 18:22:29","cancelled"
249651121,"2023-07-04 18:25:10","cancelled"
249647181,"2023-07-04 18:28:09","cancelled"
249063821,"2023-07-04 18:29:04","cancelled"
249633851,"2023-07-04 18:29:09","cancelled"
249646811,"2023-07-04 18:29:14","cancelled"
249650431,"2023-07-04 18:30:09","cancelled"
249652021,"2023-07-04 18:30:29","cancelled"
249540421,"2023-07-04 18:32:58","cancelled"
249652441,"2023-07-04 18:33:16","cancelled"
245589051,"2023-07-04 18:33:20","cancelled"
249650921,"2023-07-04 18:34:00","cancelled"
249653111,"2023-07-04 18:36:18","cancelled"
249643811,"2023-07-04 18:37:17","cancelled"
249294091,"2023-07-04 18:40:22","cancelled"
248938131,"2023-07-04 18:41:33","cancelled"
249560771,"2023-07-04 18:44:21","cancelled"
249124941,"2023-07-04 18:46:07","cancelled"
249639511,"2023-07-04 18:46:19","cancelled"
249655251,"2023-07-04 18:47:45","cancelled"
249656241,"2023-07-04 18:53:39","cancelled"
249656921,"2023-07-04 18:56:41","cancelled"
248728201,"2023-07-04 18:57:02","cancelled"
249315731,"2023-07-04 18:57:35","cancelled"
249000291,"2023-07-04 18:57:41","cancelled"
248481191,"2023-07-04 18:59:25","cancelled"
249657631,"2023-07-04 18:59:31","cancelled"
249657841,"2023-07-04 19:02:05","cancelled"
249495171,"2023-07-04 19:02:27","cancelled"
249658281,"2023-07-04 19:03:59","cancelled"
249326731,"2023-07-04 19:04:48","cancelled"
249085971,"2023-07-04 19:05:39","cancelled"
249471551,"2023-07-04 19:06:42","cancelled"
249658921,"2023-07-04 19:08:33","cancelled"
249657291,"2023-07-04 19:08:48","cancelled"
249659021,"2023-07-04 19:09:26","cancelled"
249659531,"2023-07-04 19:12:19","cancelled"
249659201,"2023-07-04 19:14:35","cancelled"
249659091,"2023-07-04 19:15:15","cancelled"
249660491,"2023-07-04 19:16:46","cancelled"
249642071,"2023-07-04 19:20:06","cancelled"
249510061,"2023-07-04 19:20:17","cancelled"
249661101,"2023-07-04 19:20:30","cancelled"
249653411,"2023-07-04 19:21:35","cancelled"
249662351,"2023-07-04 19:26:56","cancelled"
249534741,"2023-07-04 19:27:08","cancelled"
249662981,"2023-07-04 19:31:10","cancelled"
248717941,"2023-07-04 19:40:23","cancelled"
249664701,"2023-07-04 19:40:27","cancelled"
249664291,"2023-07-04 19:43:15","cancelled"
249285121,"2023-07-04 19:43:18","cancelled"
249635821,"2023-07-04 19:44:54","cancelled"
249657661,"2023-07-04 19:46:03","cancelled"
249604341,"2023-07-04 19:53:10","cancelled"
249666471,"2023-07-04 19:56:15","cancelled"
249235121,"2023-07-04 19:59:54","cancelled"
249570661,"2023-07-04 20:03:12","cancelled"
249667831,"2023-07-04 20:03:45","cancelled"
249518411,"2023-07-04 20:09:59","cancelled"
249196821,"2023-07-04 20:10:12","cancelled"
249668351,"2023-07-04 20:11:17","cancelled"
249666301,"2023-07-04 20:12:05","cancelled"
249668741,"2023-07-04 20:12:25","cancelled"
249356501,"2023-07-04 20:12:43","cancelled"
249669291,"2023-07-04 20:16:08","cancelled"
249522451,"2023-07-04 20:19:25","cancelled"
249670111,"2023-07-04 20:20:04","cancelled"
248705361,"2023-07-04 20:20:43","cancelled"
249181361,"2023-07-04 20:23:23","cancelled"
249603871,"2023-07-04 20:24:19","cancelled"
249259931,"2023-07-04 20:25:02","cancelled"
249653691,"2023-07-04 20:29:21","cancelled"
249671891,"2023-07-04 20:30:47","cancelled"
249581981,"2023-07-04 20:32:10","cancelled"
249671401,"2023-07-04 20:34:20","cancelled"
249672991,"2023-07-04 20:36:20","cancelled"
249579471,"2023-07-04 20:36:24","cancelled"
249671861,"2023-07-04 20:36:24","cancelled"
249672561,"2023-07-04 20:40:16","cancelled"
249672011,"2023-07-04 20:42:58","cancelled"
249500661,"2023-07-04 20:43:13","cancelled"
249673841,"2023-07-04 20:43:35","cancelled"
249658671,"2023-07-04 20:48:53","cancelled"
249652851,"2023-07-04 20:52:38","cancelled"
248867971,"2023-07-04 21:01:27","cancelled"
249674381,"2023-07-04 21:02:40","cancelled"
249654051,"2023-07-04 21:03:36","cancelled"
249523331,"2023-07-04 21:04:53","cancelled"
248784061,"2023-07-04 21:09:22","cancelled"
249461531,"2023-07-04 21:09:27","cancelled"
249321511,"2023-07-04 21:09:40","cancelled"
249677721,"2023-07-04 21:10:05","cancelled"
249540031,"2023-07-04 21:12:22","cancelled"
249679131,"2023-07-04 21:12:34","cancelled"
249679271,"2023-07-04 21:13:34","cancelled"
249526541,"2023-07-04 21:14:06","cancelled"
249679461,"2023-07-04 21:14:43","cancelled"
249528891,"2023-07-04 21:15:13","cancelled"
249376601,"2023-07-04 21:17:46","cancelled"
249676261,"2023-07-04 21:19:28","cancelled"
249423011,"2023-07-04 21:23:08","cancelled"
249421951,"2023-07-04 21:23:20","cancelled"
248807681,"2023-07-04 21:24:58","cancelled"
249626641,"2023-07-04 21:25:22","cancelled"
249615341,"2023-07-04 21:27:45","cancelled"
249676691,"2023-07-04 21:29:37","cancelled"
249682411,"2023-07-04 21:30:19","cancelled"
249521951,"2023-07-04 21:31:04","cancelled"
249679921,"2023-07-04 21:32:06","cancelled"
248451421,"2023-07-04 21:32:14","cancelled"
249488521,"2023-07-04 21:32:36","cancelled"
249683101,"2023-07-04 21:35:34","cancelled"
249637771,"2023-07-04 21:39:18","cancelled"
248574661,"2023-07-04 21:40:17","cancelled"
249681941,"2023-07-04 21:42:34","cancelled"
249682601,"2023-07-04 21:43:01","cancelled"
248656981,"2023-07-04 21:45:47","cancelled"
249673901,"2023-07-04 21:46:27","cancelled"
249684381,"2023-07-04 21:48:04","cancelled"
249646331,"2023-07-04 21:50:44","cancelled"
249677891,"2023-07-04 21:54:04","cancelled"
249686661,"2023-07-04 21:54:08","cancelled"
249685661,"2023-07-04 21:54:14","cancelled"
249678251,"2023-07-04 21:56:06","cancelled"
249687361,"2023-07-04 21:57:51","cancelled"
249311531,"2023-07-04 21:58:51","cancelled"
248490371,"2023-07-04 21:59:30","cancelled"
249676771,"2023-07-04 22:00:36","cancelled"
249662411,"2023-07-04 22:14:14","cancelled"
249689681,"2023-07-04 22:15:15","cancelled"
248844311,"2023-07-04 22:16:15","cancelled"
249202041,"2023-07-04 22:16:33","cancelled"
248568451,"2023-07-04 22:18:53","cancelled"
249690771,"2023-07-04 22:19:30","cancelled"
249687421,"2023-07-04 22:19:44","cancelled"
249555151,"2023-07-04 22:20:04","cancelled"
249689361,"2023-07-04 22:23:39","cancelled"
249692041,"2023-07-04 22:23:58","cancelled"
249691421,"2023-07-04 22:26:06","cancelled"
249682141,"2023-07-04 22:27:53","cancelled"
249676131,"2023-07-04 22:29:20","cancelled"
249524141,"2023-07-04 22:30:32","cancelled"
249693511,"2023-07-04 22:31:35","cancelled"
248532091,"2023-07-04 22:33:54","cancelled"
249691531,"2023-07-04 22:40:27","cancelled"
249648941,"2023-07-04 22:40:41","cancelled"
249691341,"2023-07-04 22:43:01","cancelled"
249464521,"2023-07-04 22:45:23","cancelled"
249693301,"2023-07-04 22:45:57","cancelled"
249695701,"2023-07-04 22:46:44","cancelled"
249696991,"2023-07-04 22:50:29","cancelled"
249697161,"2023-07-04 22:50:42","cancelled"
249674981,"2023-07-04 22:52:04","cancelled"
249697251,"2023-07-04 22:52:51","cancelled"
248587901,"2023-07-04 22:53:05","cancelled"
249697501,"2023-07-04 22:53:23","cancelled"
249697551,"2023-07-04 22:53:35","cancelled"
249696331,"2023-07-04 22:56:10","cancelled"
249698661,"2023-07-04 22:59:09","cancelled"
249603961,"2023-07-04 23:00:25","cancelled"
249696901,"2023-07-04 23:04:41","cancelled"
249459371,"2023-07-04 23:05:16","cancelled"
249330871,"2023-07-04 23:08:34","cancelled"
249700421,"2023-07-04 23:08:51","cancelled"
249573871,"2023-07-04 23:10:18","cancelled"
249669681,"2023-07-04 23:11:36","cancelled"
249701921,"2023-07-04 23:16:23","cancelled"
249476191,"2023-07-04 23:17:04","cancelled"
249702031,"2023-07-04 23:17:34","cancelled"
249702621,"2023-07-04 23:20:05","cancelled"
249150421,"2023-07-04 23:20:27","cancelled"
249702781,"2023-07-04 23:21:10","cancelled"
249703131,"2023-07-04 23:22:41","cancelled"
249579491,"2023-07-04 23:23:05","cancelled"
249702771,"2023-07-04 23:26:43","cancelled"
249703501,"2023-07-04 23:26:55","cancelled"
249686761,"2023-07-04 23:27:24","cancelled"
249694121,"2023-07-04 23:29:29","cancelled"
249502261,"2023-07-04 23:31:09","cancelled"
249703751,"2023-07-04 23:31:21","cancelled"
249704641,"2023-07-04 23:33:53","cancelled"
249704701,"2023-07-04 23:34:33","cancelled"
249704821,"2023-07-04 23:35:03","cancelled"
249667171,"2023-07-04 23:35:21","cancelled"
249672791,"2023-07-04 23:35:37","cancelled"
249535561,"2023-07-04 23:37:28","cancelled"
249704451,"2023-07-04 23:39:58","cancelled"
249508391,"2023-07-04 23:40:15","cancelled"
249706011,"2023-07-04 23:44:08","cancelled"
249705491,"2023-07-04 23:54:01","cancelled"
249708051,"2023-07-05 00:01:30","cancelled"
249706641,"2023-07-05 00:02:59","cancelled"
249708771,"2023-07-05 00:07:44","cancelled"
249707411,"2023-07-05 00:15:11","cancelled"
249710131,"2023-07-05 00:17:50","cancelled"
249524701,"2023-07-05 00:19:46","cancelled"
249700181,"2023-07-05 00:19:53","cancelled"
249710561,"2023-07-05 00:22:30","cancelled"
249708941,"2023-07-05 00:23:20","cancelled"
249711311,"2023-07-05 00:28:31","cancelled"
249705271,"2023-07-05 00:31:04","cancelled"
249530231,"2023-07-05 00:33:13","cancelled"
249709681,"2023-07-05 00:38:20","cancelled"
249708551,"2023-07-05 00:38:28","cancelled"
247811231,"2023-07-05 00:38:51","cancelled"
249706791,"2023-07-05 00:40:10","cancelled"
249703551,"2023-07-05 00:40:19","cancelled"
249710491,"2023-07-05 00:41:18","cancelled"
249209491,"2023-07-05 00:42:05","cancelled"
249708881,"2023-07-05 00:42:13","cancelled"
249711631,"2023-07-05 00:42:38","cancelled"
249354251,"2023-07-05 00:42:43","cancelled"
248485821,"2023-07-05 00:43:32","cancelled"
248491041,"2023-07-05 00:44:40","cancelled"
249633111,"2023-07-05 00:46:51","cancelled"
249679611,"2023-07-05 00:47:58","cancelled"
249714281,"2023-07-05 00:57:01","cancelled"
249714351,"2023-07-05 00:57:15","cancelled"
249704461,"2023-07-05 00:57:19","cancelled"
249705911,"2023-07-05 00:59:45","cancelled"
249714951,"2023-07-05 01:02:48","cancelled"
249713641,"2023-07-05 01:05:41","cancelled"
249667541,"2023-07-05 01:05:58","cancelled"
249706731,"2023-07-05 01:06:53","cancelled"
248653211,"2023-07-05 01:14:04","cancelled"
248632961,"2023-07-05 01:14:15","cancelled"
248629921,"2023-07-05 01:15:05","cancelled"
248614601,"2023-07-05 01:15:32","cancelled"
249698091,"2023-07-05 01:18:32","cancelled"
249716731,"2023-07-05 01:21:23","cancelled"
249713271,"2023-07-05 01:26:35","cancelled"
248497271,"2023-07-05 01:29:32","cancelled"
249716481,"2023-07-05 01:29:57","cancelled"
249717511,"2023-07-05 01:31:32","cancelled"
249712261,"2023-07-05 01:33:21","cancelled"
249718031,"2023-07-05 01:33:33","cancelled"
249568201,"2023-07-05 01:33:57","cancelled"
249590501,"2023-07-05 01:37:17","cancelled"
249717891,"2023-07-05 01:39:38","cancelled"
249717291,"2023-07-05 01:39:49","cancelled"
249585761,"2023-07-05 01:45:45","cancelled"
249718851,"2023-07-05 01:46:26","cancelled"
249719501,"2023-07-05 01:47:55","cancelled"
249719511,"2023-07-05 01:47:57","cancelled"
249719161,"2023-07-05 01:50:40","cancelled"
249718211,"2023-07-05 01:51:48","cancelled"
249719921,"2023-07-05 01:52:30","cancelled"
249718691,"2023-07-05 01:53:16","cancelled"
249717191,"2023-07-05 01:54:34","cancelled"
249708531,"2023-07-05 02:05:03","cancelled"
249721101,"2023-07-05 02:05:58","cancelled"
249721681,"2023-07-05 02:22:14","cancelled"
249716301,"2023-07-05 02:23:02","cancelled"
249720891,"2023-07-05 02:25:11","cancelled"
249722791,"2023-07-05 02:27:12","cancelled"
249721341,"2023-07-05 02:28:37","cancelled"
249723151,"2023-07-05 02:30:10","cancelled"
249722851,"2023-07-05 02:31:33","cancelled"
249723351,"2023-07-05 02:32:05","cancelled"
249518171,"2023-07-05 02:35:03","cancelled"
249723331,"2023-07-05 02:35:38","cancelled"
249723791,"2023-07-05 02:36:59","cancelled"
249723831,"2023-07-05 02:39:10","cancelled"
249586841,"2023-07-05 02:40:12","cancelled"
249646881,"2023-07-05 02:45:16","cancelled"
249722871,"2023-07-05 02:45:45","cancelled"
249703081,"2023-07-05 02:47:25","cancelled"
249722221,"2023-07-05 02:47:32","cancelled"
249724711,"2023-07-05 02:49:28","cancelled"
249457351,"2023-07-05 02:51:15","cancelled"
249724231,"2023-07-05 02:51:16","cancelled"
249721771,"2023-07-05 02:52:50","cancelled"
249713281,"2023-07-05 02:54:12","cancelled"
249497971,"2023-07-05 02:55:29","cancelled"
249725001,"2023-07-05 03:00:25","cancelled"
249719371,"2023-07-05 03:02:24","cancelled"
249719171,"2023-07-05 03:04:41","cancelled"
249725661,"2023-07-05 03:07:49","cancelled"
249726111,"2023-07-05 03:11:02","cancelled"
249725701,"2023-07-05 03:17:11","cancelled"
249726521,"2023-07-05 03:18:43","cancelled"
249568651,"2023-07-05 03:19:35","cancelled"
249725801,"2023-07-05 03:19:50","cancelled"
249515321,"2023-07-05 03:20:26","cancelled"
248598191,"2023-07-05 03:20:39","cancelled"
248605111,"2023-07-05 03:24:50","cancelled"
249726871,"2023-07-05 03:25:22","cancelled"
249727161,"2023-07-05 03:26:12","cancelled"
249727691,"2023-07-05 03:42:52","cancelled"
249726641,"2023-07-05 03:45:56","cancelled"
249728301,"2023-07-05 03:46:57","cancelled"
249593541,"2023-07-05 03:52:19","cancelled"
249724411,"2023-07-05 04:04:15","cancelled"
249728291,"2023-07-05 04:05:17","cancelled"
249522001,"2023-07-05 04:05:31","cancelled"
249729411,"2023-07-05 04:07:38","cancelled"
249728031,"2023-07-05 04:12:26","cancelled"
249728841,"2023-07-05 04:19:20","cancelled"
248612841,"2023-07-05 04:19:28","cancelled"
249675781,"2023-07-05 04:23:49","cancelled"
249675431,"2023-07-05 04:24:19","cancelled"
249672131,"2023-07-05 04:25:03","cancelled"
249730621,"2023-07-05 04:29:55","cancelled"
249730081,"2023-07-05 04:37:07","cancelled"
249726691,"2023-07-05 04:41:50","cancelled"
249724061,"2023-07-05 04:49:44","cancelled"
249462121,"2023-07-05 04:54:47","cancelled"
249732191,"2023-07-05 05:00:00","cancelled"
249728781,"2023-07-05 05:04:52","cancelled"
249732511,"2023-07-05 05:05:08","cancelled"
249724941,"2023-07-05 05:05:26","cancelled"
248538461,"2023-07-05 05:06:59","cancelled"
249732591,"2023-07-05 05:07:00","cancelled"
248545131,"2023-07-05 05:07:45","cancelled"
248475361,"2023-07-05 05:09:22","cancelled"
248524491,"2023-07-05 05:09:47","cancelled"
248502191,"2023-07-05 05:10:17","cancelled"
248581741,"2023-07-05 05:11:25","cancelled"
249733681,"2023-07-05 05:33:22","cancelled"
248578891,"2023-07-05 05:36:28","cancelled"
249724301,"2023-07-05 05:37:10","cancelled"
249729461,"2023-07-05 05:37:27","cancelled"
249733561,"2023-07-05 05:38:06","cancelled"
249733941,"2023-07-05 05:42:09","cancelled"
249694191,"2023-07-05 05:55:45","cancelled"
249683361,"2023-07-05 05:58:52","cancelled"
248154231,"2023-07-05 06:01:43","cancelled"
248247091,"2023-07-05 06:01:45","cancelled"
248384821,"2023-07-05 06:01:49","cancelled"
248458301,"2023-07-05 06:01:51","cancelled"
248460571,"2023-07-05 06:01:54","cancelled"
248865551,"2023-07-05 06:01:56","cancelled"
248895101,"2023-07-05 06:01:59","cancelled"
249734691,"2023-07-05 06:09:04","cancelled"
249733731,"2023-07-05 06:13:05","cancelled"
249694511,"2023-07-05 06:13:20","cancelled"
249701941,"2023-07-05 06:21:43","cancelled"
249569181,"2023-07-05 06:29:31","cancelled"
249734761,"2023-07-05 06:31:58","cancelled"
249340351,"2023-07-05 06:34:18","cancelled"
248402571,"2023-07-05 06:37:47","cancelled"
249735571,"2023-07-05 06:47:22","cancelled"
249506351,"2023-07-05 06:50:36","cancelled"
249736881,"2023-07-05 06:53:13","cancelled"
249737401,"2023-07-05 06:59:31","cancelled"
245985511,"2023-07-05 07:11:56","cancelled"
249735721,"2023-07-05 07:14:02","cancelled"
249618131,"2023-07-05 07:15:20","cancelled"
248709761,"2023-07-05 07:22:04","cancelled"
249716091,"2023-07-05 07:22:22","cancelled"
249663651,"2023-07-05 07:38:04","cancelled"
249740251,"2023-07-05 07:40:56","cancelled"
249551021,"2023-07-05 07:41:56","cancelled"
249574591,"2023-07-05 07:46:22","cancelled"
249739761,"2023-07-05 07:47:28","cancelled"
249721491,"2023-07-05 07:48:21","cancelled"
249741721,"2023-07-05 07:51:25","cancelled"
249732431,"2023-07-05 08:04:50","cancelled"
249737771,"2023-07-05 08:04:54","cancelled"
249743881,"2023-07-05 08:08:35","cancelled"
249744331,"2023-07-05 08:10:12","cancelled"
249744541,"2023-07-05 08:11:39","cancelled"
249567791,"2023-07-05 08:12:24","cancelled"
249742711,"2023-07-05 08:13:03","cancelled"
249307291,"2023-07-05 08:15:10","cancelled"
248382291,"2023-07-05 08:17:42","cancelled"
249243071,"2023-07-05 08:19:36","cancelled"
249351341,"2023-07-05 08:19:50","cancelled"
249185661,"2023-07-05 08:22:31","cancelled"
249533411,"2023-07-05 08:24:12","cancelled"
249481231,"2023-07-05 08:26:52","cancelled"
249743651,"2023-07-05 08:27:46","cancelled"
249746581,"2023-07-05 08:28:49","cancelled"
249746791,"2023-07-05 08:31:03","cancelled"
249747431,"2023-07-05 08:36:01","cancelled"
249747831,"2023-07-05 08:38:39","cancelled"
249576631,"2023-07-05 08:43:17","cancelled"
249577841,"2023-07-05 08:44:23","cancelled"
249360591,"2023-07-05 08:50:34","cancelled"
249520321,"2023-07-05 08:50:45","cancelled"
249723591,"2023-07-05 08:55:20","cancelled"
249569351,"2023-07-05 09:00:30","cancelled"
249189051,"2023-07-05 09:02:00","cancelled"
249606841,"2023-07-05 09:03:49","cancelled"
249620791,"2023-07-05 09:04:32","cancelled"
249578571,"2023-07-05 09:05:59","cancelled"
249749231,"2023-07-05 09:06:56","cancelled"
249655511,"2023-07-05 09:07:04","cancelled"
249749751,"2023-07-05 09:07:33","cancelled"
249707951,"2023-07-05 09:08:50","cancelled"
249638671,"2023-07-05 09:11:51","cancelled"
249752111,"2023-07-05 09:13:23","cancelled"
249752191,"2023-07-05 09:18:41","cancelled"
249206251,"2023-07-05 09:24:19","cancelled"
248828021,"2023-07-05 09:25:19","cancelled"
249666061,"2023-07-05 09:27:41","cancelled"
249753711,"2023-07-05 09:29:12","cancelled"
249578801,"2023-07-05 09:30:58","cancelled"
248847771,"2023-07-05 09:32:49","cancelled"
249566261,"2023-07-05 09:36:13","cancelled"
249755181,"2023-07-05 09:38:16","cancelled"
249751021,"2023-07-05 09:39:36","cancelled"
249755561,"2023-07-05 09:39:42","cancelled"
249288401,"2023-07-05 09:40:31","cancelled"
249755111,"2023-07-05 09:42:00","cancelled"
249756261,"2023-07-05 09:43:26","cancelled"
247969511,"2023-07-05 09:45:58","cancelled"
249756451,"2023-07-05 09:46:05","cancelled"
249557861,"2023-07-05 09:46:07","cancelled"
249570711,"2023-07-05 09:46:09","cancelled"
249572521,"2023-07-05 09:46:11","cancelled"
249573561,"2023-07-05 09:46:13","cancelled"
249574631,"2023-07-05 09:46:15","cancelled"
249581791,"2023-07-05 09:46:17","cancelled"
249585411,"2023-07-05 09:46:18","cancelled"
249587341,"2023-07-05 09:46:20","cancelled"
249590631,"2023-07-05 09:46:22","cancelled"
249591341,"2023-07-05 09:46:24","cancelled"
249592651,"2023-07-05 09:46:25","cancelled"
249609451,"2023-07-05 09:46:27","cancelled"
249611921,"2023-07-05 09:46:28","cancelled"
249618681,"2023-07-05 09:46:30","cancelled"
249633951,"2023-07-05 09:46:32","cancelled"
249634011,"2023-07-05 09:46:34","cancelled"
249639411,"2023-07-05 09:46:36","cancelled"
249639931,"2023-07-05 09:46:38","cancelled"
249643071,"2023-07-05 09:46:39","cancelled"
249648731,"2023-07-05 09:46:40","cancelled"
249649881,"2023-07-05 09:46:42","cancelled"
249654021,"2023-07-05 09:46:44","cancelled"
249665001,"2023-07-05 09:46:45","cancelled"
249668761,"2023-07-05 09:46:48","cancelled"
249673191,"2023-07-05 09:46:50","cancelled"
249678781,"2023-07-05 09:46:52","cancelled"
249431121,"2023-07-05 09:46:53","cancelled"
249680141,"2023-07-05 09:46:53","cancelled"
249688081,"2023-07-05 09:46:55","cancelled"
249703381,"2023-07-05 09:46:57","cancelled"
249706431,"2023-07-05 09:46:59","cancelled"
249711021,"2023-07-05 09:47:00","cancelled"
249588061,"2023-07-05 09:47:02","cancelled"
249712851,"2023-07-05 09:47:04","cancelled"
249715261,"2023-07-05 09:47:05","cancelled"
249718751,"2023-07-05 09:47:06","cancelled"
249719951,"2023-07-05 09:47:08","cancelled"
249722671,"2023-07-05 09:47:10","cancelled"
249723811,"2023-07-05 09:47:12","cancelled"
249724801,"2023-07-05 09:47:13","cancelled"
249734431,"2023-07-05 09:47:15","cancelled"
249664731,"2023-07-05 09:47:17","cancelled"
249742051,"2023-07-05 09:47:19","cancelled"
248062081,"2023-07-05 09:49:46","cancelled"
249757241,"2023-07-05 09:50:29","cancelled"
249343541,"2023-07-05 09:51:02","cancelled"
249708171,"2023-07-05 09:51:53","cancelled"
248905221,"2023-07-05 09:53:43","cancelled"
249758481,"2023-07-05 09:58:16","cancelled"
249725951,"2023-07-05 10:01:40","cancelled"
249757781,"2023-07-05 10:03:10","cancelled"
248009581,"2023-07-05 10:03:51","cancelled"
249554141,"2023-07-05 10:04:23","cancelled"
249759711,"2023-07-05 10:06:12","cancelled"
247648281,"2023-07-05 10:08:35","cancelled"
247643561,"2023-07-05 10:09:54","cancelled"
249102681,"2023-07-05 10:10:27","cancelled"
249761781,"2023-07-05 10:19:16","cancelled"
249760861,"2023-07-05 10:19:20","cancelled"
249761991,"2023-07-05 10:20:55","cancelled"
248594971,"2023-07-05 10:21:42","cancelled"
249370251,"2023-07-05 10:22:06","cancelled"
249467801,"2023-07-05 10:22:23","cancelled"
249596441,"2023-07-05 10:22:57","cancelled"
249639521,"2023-07-05 10:22:59","cancelled"
249754581,"2023-07-05 10:24:36","cancelled"
249564181,"2023-07-05 10:28:30","cancelled"
249578741,"2023-07-05 10:28:43","cancelled"
249736961,"2023-07-05 10:29:17","cancelled"
248980321,"2023-07-05 10:30:40","cancelled"
249404521,"2023-07-05 10:31:52","cancelled"
249763991,"2023-07-05 10:33:05","cancelled"
249469701,"2023-07-05 10:33:48","cancelled"
248952761,"2023-07-05 10:33:56","cancelled"
249764411,"2023-07-05 10:34:37","cancelled"
249764501,"2023-07-05 10:35:40","cancelled"
249206331,"2023-07-05 10:36:06","cancelled"
249462901,"2023-07-05 10:36:08","cancelled"
249678161,"2023-07-05 10:36:11","cancelled"
249758901,"2023-07-05 10:42:47","cancelled"
249766031,"2023-07-05 10:44:50","cancelled"
249162471,"2023-07-05 10:47:17","cancelled"
248353941,"2023-07-05 10:49:15","cancelled"
248943591,"2023-07-05 10:52:15","cancelled"
249655761,"2023-07-05 10:52:58","cancelled"
249649141,"2023-07-05 10:53:03","cancelled"
249428781,"2023-07-05 10:53:33","cancelled"
249766701,"2023-07-05 10:53:55","cancelled"
249767111,"2023-07-05 10:55:14","cancelled"
249764661,"2023-07-05 10:56:01","cancelled"
249766071,"2023-07-05 10:56:13","cancelled"
249582301,"2023-07-05 10:57:10","cancelled"
249588721,"2023-07-05 10:58:21","cancelled"
249127391,"2023-07-05 10:58:39","cancelled"
249767871,"2023-07-05 10:58:43","cancelled"
249751161,"2023-07-05 11:00:03","cancelled"
249735621,"2023-07-05 11:00:28","cancelled"
249136441,"2023-07-05 11:01:42","cancelled"
249713981,"2023-07-05 11:02:17","cancelled"
249768411,"2023-07-05 11:02:47","cancelled"
249176831,"2023-07-05 11:02:51","cancelled"
249767541,"2023-07-05 11:03:40","cancelled"
249558221,"2023-07-05 11:04:52","cancelled"
248195091,"2023-07-05 11:04:57","cancelled"
249558271,"2023-07-05 11:05:00","cancelled"
249625851,"2023-07-05 11:05:15","cancelled"
249768351,"2023-07-05 11:05:20","cancelled"
249768061,"2023-07-05 11:05:31","cancelled"
249615551,"2023-07-05 11:05:38","cancelled"
249729361,"2023-07-05 11:05:53","cancelled"
249767301,"2023-07-05 11:06:12","cancelled"
249438651,"2023-07-05 11:07:08","cancelled"
249768601,"2023-07-05 11:07:12","cancelled"
249441361,"2023-07-05 11:07:46","cancelled"
249212341,"2023-07-05 11:08:12","cancelled"
249768541,"2023-07-05 11:08:20","cancelled"
249179511,"2023-07-05 11:08:23","cancelled"
249331061,"2023-07-05 11:08:50","cancelled"
249768851,"2023-07-05 11:09:10","cancelled"
249281001,"2023-07-05 11:09:45","cancelled"
249558461,"2023-07-05 11:10:20","cancelled"
249246901,"2023-07-05 11:11:27","cancelled"
249769671,"2023-07-05 11:12:04","cancelled"
248296871,"2023-07-05 11:13:38","cancelled"
249271271,"2023-07-05 11:14:33","cancelled"
248434691,"2023-07-05 11:14:51","cancelled"
249769251,"2023-07-05 11:15:49","cancelled"
249768921,"2023-07-05 11:16:16","cancelled"
249155001,"2023-07-05 11:16:42","cancelled"
249245611,"2023-07-05 11:17:15","cancelled"
249564121,"2023-07-05 11:17:18","cancelled"
249700371,"2023-07-05 11:17:49","cancelled"
249157031,"2023-07-05 11:18:37","cancelled"
249770751,"2023-07-05 11:19:17","cancelled"
249766751,"2023-07-05 11:20:29","cancelled"
249615461,"2023-07-05 11:21:08","cancelled"
248487571,"2023-07-05 11:21:40","cancelled"
246723501,"2023-07-05 11:22:54","cancelled"
249598821,"2023-07-05 11:23:04","cancelled"
247326671,"2023-07-05 11:23:06","cancelled"
249528121,"2023-07-05 11:23:17","cancelled"
249118261,"2023-07-05 11:24:05","cancelled"
249769061,"2023-07-05 11:24:58","cancelled"
249771781,"2023-07-05 11:25:21","cancelled"
248813981,"2023-07-05 11:25:22","cancelled"
249302821,"2023-07-05 11:25:59","cancelled"
249355481,"2023-07-05 11:26:23","cancelled"
249315351,"2023-07-05 11:26:30","cancelled"
249527421,"2023-07-05 11:27:15","cancelled"
249273991,"2023-07-05 11:28:20","cancelled"
249527171,"2023-07-05 11:29:32","cancelled"
249527241,"2023-07-05 11:31:13","cancelled"
249771671,"2023-07-05 11:31:25","cancelled"
248794941,"2023-07-05 11:32:26","cancelled"
249367931,"2023-07-05 11:32:32","cancelled"
249586761,"2023-07-05 11:32:58","cancelled"
249266741,"2023-07-05 11:34:16","cancelled"
249769681,"2023-07-05 11:36:16","cancelled"
249395471,"2023-07-05 11:36:44","cancelled"
249466271,"2023-07-05 11:37:25","cancelled"
249450451,"2023-07-05 11:37:34","cancelled"
249521411,"2023-07-05 11:38:01","cancelled"
249726271,"2023-07-05 11:38:54","cancelled"
248616131,"2023-07-05 11:39:32","cancelled"
249521711,"2023-07-05 11:40:25","cancelled"
249283751,"2023-07-05 11:40:51","cancelled"
249774421,"2023-07-05 11:41:32","cancelled"
249521271,"2023-07-05 11:42:14","cancelled"
249769741,"2023-07-05 11:42:41","cancelled"
249418921,"2023-07-05 11:42:42","cancelled"
249650131,"2023-07-05 11:43:13","cancelled"
249002851,"2023-07-05 11:43:32","cancelled"
249774941,"2023-07-05 11:44:41","cancelled"
249773911,"2023-07-05 11:45:32","cancelled"
249712331,"2023-07-05 11:45:38","cancelled"
249617431,"2023-07-05 11:47:30","cancelled"
249775691,"2023-07-05 11:49:05","cancelled"
249327561,"2023-07-05 11:51:24","cancelled"
249520841,"2023-07-05 11:52:42","cancelled"
248622381,"2023-07-05 11:55:17","cancelled"
249526931,"2023-07-05 11:58:08","cancelled"
248762991,"2023-07-05 11:58:25","cancelled"
249777461,"2023-07-05 11:58:39","cancelled"
249429611,"2023-07-05 12:00:21","cancelled"
249483941,"2023-07-05 12:00:36","cancelled"
244734541,"2023-07-05 12:00:42","cancelled"
244848481,"2023-07-05 12:00:52","cancelled"
249458961,"2023-07-05 12:01:24","cancelled"
249405261,"2023-07-05 12:01:49","cancelled"
249778231,"2023-07-05 12:01:59","cancelled"
249778191,"2023-07-05 12:02:16","cancelled"
249385421,"2023-07-05 12:03:15","cancelled"
245974131,"2023-07-05 12:03:15","cancelled"
245960911,"2023-07-05 12:03:26","cancelled"
246205831,"2023-07-05 12:03:52","cancelled"
249424811,"2023-07-05 12:04:06","cancelled"
249697681,"2023-07-05 12:08:02","cancelled"
249779441,"2023-07-05 12:08:31","cancelled"
249688231,"2023-07-05 12:08:39","cancelled"
249559851,"2023-07-05 12:09:18","cancelled"
249779961,"2023-07-05 12:11:25","cancelled"
249774001,"2023-07-05 12:12:42","cancelled"
249775011,"2023-07-05 12:12:55","cancelled"
249779511,"2023-07-05 12:14:01","cancelled"
249780481,"2023-07-05 12:15:01","cancelled"
249345231,"2023-07-05 12:16:29","cancelled"
249781551,"2023-07-05 12:22:04","cancelled"
248886731,"2023-07-05 12:22:08","cancelled"
249465821,"2023-07-05 12:22:11","cancelled"
249781871,"2023-07-05 12:22:26","cancelled"
249724471,"2023-07-05 12:25:10","cancelled"
249782631,"2023-07-05 12:27:05","cancelled"
249484981,"2023-07-05 12:27:57","cancelled"
249765811,"2023-07-05 12:28:01","cancelled"
249782721,"2023-07-05 12:28:05","cancelled"
249768341,"2023-07-05 12:28:38","cancelled"
249783021,"2023-07-05 12:34:43","cancelled"
249772991,"2023-07-05 12:36:07","cancelled"
249363611,"2023-07-05 12:37:21","cancelled"
249782591,"2023-07-05 12:39:17","cancelled"
249784861,"2023-07-05 12:40:37","cancelled"
248586761,"2023-07-05 12:40:40","cancelled"
249784721,"2023-07-05 12:40:45","cancelled"
249722751,"2023-07-05 12:40:47","cancelled"
249621141,"2023-07-05 12:41:19","cancelled"
249785001,"2023-07-05 12:41:30","cancelled"
248962981,"2023-07-05 12:42:31","cancelled"
249785101,"2023-07-05 12:43:02","cancelled"
249494301,"2023-07-05 12:46:45","cancelled"
249119271,"2023-07-05 12:48:13","cancelled"
249777471,"2023-07-05 12:49:05","cancelled"
248809421,"2023-07-05 12:49:15","cancelled"
248597691,"2023-07-05 12:50:20","cancelled"
249577661,"2023-07-05 12:50:24","cancelled"
249285941,"2023-07-05 12:51:09","cancelled"
249786811,"2023-07-05 12:51:42","cancelled"
249513121,"2023-07-05 12:53:20","cancelled"
249778321,"2023-07-05 12:54:06","cancelled"
248748481,"2023-07-05 12:55:18","cancelled"
249492081,"2023-07-05 12:55:22","cancelled"
249780791,"2023-07-05 12:55:30","cancelled"
249575541,"2023-07-05 12:56:14","cancelled"
249641181,"2023-07-05 12:57:13","cancelled"
249763841,"2023-07-05 12:57:32","cancelled"
249604861,"2023-07-05 12:58:10","cancelled"
249489941,"2023-07-05 12:58:42","cancelled"
248647571,"2023-07-05 12:59:18","cancelled"
249372771,"2023-07-05 12:59:19","cancelled"
248578431,"2023-07-05 13:00:36","cancelled"
249273711,"2023-07-05 13:01:54","cancelled"
249789211,"2023-07-05 13:03:22","cancelled"
249788341,"2023-07-05 13:03:56","cancelled"
248565441,"2023-07-05 13:06:57","cancelled"
249789931,"2023-07-05 13:07:46","cancelled"
249710771,"2023-07-05 13:10:18","cancelled"
249698341,"2023-07-05 13:11:33","cancelled"
249790871,"2023-07-05 13:12:19","cancelled"
247420341,"2023-07-05 13:12:32","cancelled"
249791311,"2023-07-05 13:14:22","cancelled"
249408551,"2023-07-05 13:15:38","cancelled"
249778331,"2023-07-05 13:16:13","cancelled"
249790801,"2023-07-05 13:16:27","cancelled"
249791421,"2023-07-05 13:17:18","cancelled"
249792171,"2023-07-05 13:18:18","cancelled"
249397981,"2023-07-05 13:18:35","cancelled"
249790041,"2023-07-05 13:18:48","cancelled"
247250121,"2023-07-05 13:19:21","cancelled"
249633251,"2023-07-05 13:20:09","cancelled"
249792611,"2023-07-05 13:21:05","cancelled"
249633151,"2023-07-05 13:22:28","cancelled"
248675091,"2023-07-05 13:22:32","cancelled"
249398611,"2023-07-05 13:22:42","cancelled"
248499201,"2023-07-05 13:22:52","cancelled"
248261201,"2023-07-05 13:24:25","cancelled"
249575731,"2023-07-05 13:25:21","cancelled"
248630981,"2023-07-05 13:25:36","cancelled"
249757011,"2023-07-05 13:26:38","cancelled"
249465571,"2023-07-05 13:27:49","cancelled"
249655961,"2023-07-05 13:27:53","cancelled"
249625391,"2023-07-05 13:27:58","cancelled"
249233891,"2023-07-05 13:29:09","cancelled"
249539781,"2023-07-05 13:29:45","cancelled"
249558471,"2023-07-05 13:30:22","cancelled"
249565621,"2023-07-05 13:31:13","cancelled"
249452871,"2023-07-05 13:31:18","cancelled"
249497851,"2023-07-05 13:31:27","cancelled"
249454021,"2023-07-05 13:32:39","cancelled"
249628391,"2023-07-05 13:32:56","cancelled"
249454081,"2023-07-05 13:34:00","cancelled"
249442671,"2023-07-05 13:34:25","cancelled"
249572111,"2023-07-05 13:35:54","cancelled"
248719151,"2023-07-05 13:36:13","cancelled"
249454241,"2023-07-05 13:36:45","cancelled"
249138901,"2023-07-05 13:37:22","cancelled"
249789311,"2023-07-05 13:37:30","cancelled"
249436791,"2023-07-05 13:38:35","cancelled"
249454671,"2023-07-05 13:38:39","cancelled"
249791931,"2023-07-05 13:39:37","cancelled"
249791961,"2023-07-05 13:40:36","cancelled"
249795841,"2023-07-05 13:41:59","cancelled"
249449871,"2023-07-05 13:45:49","cancelled"
249794311,"2023-07-05 13:45:50","cancelled"
249402171,"2023-07-05 13:46:52","cancelled"
249796831,"2023-07-05 13:49:06","cancelled"
249795571,"2023-07-05 13:49:46","cancelled"
249259011,"2023-07-05 13:50:36","cancelled"
249359601,"2023-07-05 13:50:57","cancelled"
249358301,"2023-07-05 13:51:06","cancelled"
249699151,"2023-07-05 13:51:19","cancelled"
249771191,"2023-07-05 13:52:29","cancelled"
249512131,"2023-07-05 13:55:15","cancelled"
249319831,"2023-07-05 13:56:06","cancelled"
249765961,"2023-07-05 13:57:39","cancelled"
249791051,"2023-07-05 13:57:53","cancelled"
249799051,"2023-07-05 13:59:03","cancelled"
249756421,"2023-07-05 14:04:30","cancelled"
249795321,"2023-07-05 14:04:42","cancelled"
248738621,"2023-07-05 14:05:14","cancelled"
249375101,"2023-07-05 14:05:19","cancelled"
249799751,"2023-07-05 14:05:20","cancelled"
249397451,"2023-07-05 14:05:33","cancelled"
249799171,"2023-07-05 14:07:40","cancelled"
249648351,"2023-07-05 14:08:26","cancelled"
249568691,"2023-07-05 14:08:28","cancelled"
248873681,"2023-07-05 14:09:22","cancelled"
249648431,"2023-07-05 14:09:40","cancelled"
249798561,"2023-07-05 14:10:03","cancelled"
249648561,"2023-07-05 14:10:17","cancelled"
248875291,"2023-07-05 14:10:57","cancelled"
249648611,"2023-07-05 14:11:27","cancelled"
249293341,"2023-07-05 14:11:47","cancelled"
249795001,"2023-07-05 14:11:56","cancelled"
249648831,"2023-07-05 14:12:10","cancelled"
249801731,"2023-07-05 14:12:36","cancelled"
249649591,"2023-07-05 14:13:48","cancelled"
249465411,"2023-07-05 14:13:56","cancelled"
249801891,"2023-07-05 14:14:05","cancelled"
249647831,"2023-07-05 14:15:05","cancelled"
249802211,"2023-07-05 14:15:52","cancelled"
249465281,"2023-07-05 14:16:31","cancelled"
249802171,"2023-07-05 14:17:45","cancelled"
249802141,"2023-07-05 14:17:49","cancelled"
249648811,"2023-07-05 14:18:07","cancelled"
249454771,"2023-07-05 14:20:49","cancelled"
249454911,"2023-07-05 14:21:40","cancelled"
249549981,"2023-07-05 14:22:41","cancelled"
249406001,"2023-07-05 14:23:14","cancelled"
248327641,"2023-07-05 14:23:49","cancelled"
249803801,"2023-07-05 14:24:00","cancelled"
249454861,"2023-07-05 14:26:12","cancelled"
249783701,"2023-07-05 14:28:17","cancelled"
248799271,"2023-07-05 14:29:27","cancelled"
249577561,"2023-07-05 14:30:45","cancelled"
249037161,"2023-07-05 14:32:22","cancelled"
249471421,"2023-07-05 14:32:59","cancelled"
249769431,"2023-07-05 14:33:27","cancelled"
249796051,"2023-07-05 14:35:14","cancelled"
249805641,"2023-07-05 14:35:35","cancelled"
249394331,"2023-07-05 14:35:37","cancelled"
249327331,"2023-07-05 14:35:45","cancelled"
248771731,"2023-07-05 14:35:58","cancelled"
249550721,"2023-07-05 14:36:10","cancelled"
249087861,"2023-07-05 14:36:15","cancelled"
249805801,"2023-07-05 14:36:55","cancelled"
249434751,"2023-07-05 14:37:36","cancelled"
249800651,"2023-07-05 14:37:52","cancelled"
249162201,"2023-07-05 14:38:10","cancelled"
249697041,"2023-07-05 14:38:53","cancelled"
249582481,"2023-07-05 14:39:45","cancelled"
249739591,"2023-07-05 14:40:01","cancelled"
249560711,"2023-07-05 14:40:20","cancelled"
249585251,"2023-07-05 14:40:32","cancelled"
248930991,"2023-07-05 14:41:11","cancelled"
248577991,"2023-07-05 14:41:26","cancelled"
249806411,"2023-07-05 14:42:35","cancelled"
249770031,"2023-07-05 14:42:49","cancelled"
249353551,"2023-07-05 14:42:58","cancelled"
249648701,"2023-07-05 14:44:57","cancelled"
249807101,"2023-07-05 14:45:48","cancelled"
249231901,"2023-07-05 14:46:28","cancelled"
249056511,"2023-07-05 14:46:35","cancelled"
249054931,"2023-07-05 14:50:24","cancelled"
249260081,"2023-07-05 14:50:33","cancelled"
249805461,"2023-07-05 14:51:22","cancelled"
249270601,"2023-07-05 14:51:25","cancelled"
249271451,"2023-07-05 14:52:50","cancelled"
248720561,"2023-07-05 14:55:01","cancelled"
249284791,"2023-07-05 14:56:11","cancelled"
249288641,"2023-07-05 14:56:20","cancelled"
249772891,"2023-07-05 14:57:06","cancelled"
249289751,"2023-07-05 14:57:29","cancelled"
249807841,"2023-07-05 14:58:00","cancelled"
249799511,"2023-07-05 14:58:26","cancelled"
249290331,"2023-07-05 14:58:32","cancelled"
249808561,"2023-07-05 14:59:38","cancelled"
247933181,"2023-07-05 15:00:47","cancelled"
248748681,"2023-07-05 15:00:59","cancelled"
249291191,"2023-07-05 15:01:21","cancelled"
249298631,"2023-07-05 15:01:25","cancelled"
249718291,"2023-07-05 15:01:34","cancelled"
249738551,"2023-07-05 15:05:50","cancelled"
248784281,"2023-07-05 15:06:12","cancelled"
249408221,"2023-07-05 15:07:23","cancelled"
249808851,"2023-07-05 15:07:25","cancelled"
249810011,"2023-07-05 15:08:15","cancelled"
248718751,"2023-07-05 15:10:48","cancelled"
249524621,"2023-07-05 15:11:12","cancelled"
249801861,"2023-07-05 15:11:16","cancelled"
249449141,"2023-07-05 15:11:24","cancelled"
248003991,"2023-07-05 15:11:58","cancelled"
249810061,"2023-07-05 15:13:54","cancelled"
248776721,"2023-07-05 15:14:11","cancelled"
249696191,"2023-07-05 15:15:12","cancelled"
249806591,"2023-07-05 15:15:50","cancelled"
248011491,"2023-07-05 15:16:19","cancelled"
248901231,"2023-07-05 15:16:21","cancelled"
249342001,"2023-07-05 15:16:34","cancelled"
249386781,"2023-07-05 15:17:01","cancelled"
249811091,"2023-07-05 15:17:11","cancelled"
249809491,"2023-07-05 15:17:35","cancelled"
249416141,"2023-07-05 15:17:43","cancelled"
249811211,"2023-07-05 15:18:01","cancelled"
249809301,"2023-07-05 15:18:36","cancelled"
249778531,"2023-07-05 15:18:36","cancelled"
249435411,"2023-07-05 15:20:55","cancelled"
249811821,"2023-07-05 15:21:02","cancelled"
249061701,"2023-07-05 15:22:41","cancelled"
249374791,"2023-07-05 15:22:54","cancelled"
249374071,"2023-07-05 15:23:21","cancelled"
249812661,"2023-07-05 15:24:32","cancelled"
248064121,"2023-07-05 15:25:56","cancelled"
249509881,"2023-07-05 15:26:08","cancelled"
249438851,"2023-07-05 15:27:22","cancelled"
249460641,"2023-07-05 15:28:03","cancelled"
249812551,"2023-07-05 15:28:19","cancelled"
249371361,"2023-07-05 15:30:43","cancelled"
249705311,"2023-07-05 15:33:32","cancelled"
249808821,"2023-07-05 15:33:41","cancelled"
249593841,"2023-07-05 15:33:42","cancelled"
248074801,"2023-07-05 15:34:01","cancelled"
249736561,"2023-07-05 15:34:06","cancelled"
249808121,"2023-07-05 15:34:56","cancelled"
249813271,"2023-07-05 15:36:43","cancelled"
249602971,"2023-07-05 15:37:36","cancelled"
249814281,"2023-07-05 15:40:00","cancelled"
249327661,"2023-07-05 15:43:23","cancelled"
249816071,"2023-07-05 15:45:02","cancelled"
249815541,"2023-07-05 15:45:32","cancelled"
249267161,"2023-07-05 15:45:48","cancelled"
249816741,"2023-07-05 15:47:26","cancelled"
249814571,"2023-07-05 15:48:00","cancelled"
249807811,"2023-07-05 15:48:26","cancelled"
249715831,"2023-07-05 15:49:14","cancelled"
